1.079205011814065 0.9704213310039083,1.1071293853751354 3.96508899818217,1.1043559987684044 5.967157435921142,1.0940176042703367 8.980256810710904,1.0966982091552258 10.991370378541683,1.1088263712689377 12.998762681049293,1.1274481333434172 15.995456344764426,1.1258195878845498 17.98752037012978,1.1117852211658683 19.98171548018036,1.080819223136155 22.9790083395774,1.060630464969709 24.978117197258737,1.042202762487922 27.97524608693014,4.161750968126612 0.9177668001945507,4.192986641445885 3.9120493400797884,4.168706040688093 5.9234085052703955,4.140569606315864 8.973875830224065,4.152820363094753 11.012344479987153,4.191596168915376 13.039777834189644,4.260752696502456 16.013898705936015,4.257782619925705 17.970517542955438,4.222373610341712 19.949069516742412,4.153985775989583 22.942282777714265,4.104563271471585 24.944597222109262,4.0558107625090045 27.95044917147627,6.247026274360011 0.8653902326158411,6.305562570781838 3.8491928259902473,6.253953354346756 5.861328722379689,6.216166760080987 8.972425347976827,6.246368880704429 11.046720813633573,6.305949579718293 13.105093562102216,6.404952551501194 16.044470890922085,6.410199209879862 17.9427646579664,6.380304636934916 19.906433382858104,6.279107848941826 22.87382279734099,6.1794598998289 24.878066303066536,6.079636921414401 27.907173054495356,9.113187612873794 0.8394162652708018,9.174833046444713 3.797344208898012,9.186867500185375 5.787903225203839,9.253646445639903 9.02808214598734,9.32562211192386 11.13749425121458,9.385530273073615 13.20007346113503,9.384461714045646 16.04862265716097,9.353711503311072 17.94839195022983,9.375026423994937 19.909789068066928,9.373205245344831 22.719441894493063,9.264731540112706 24.686829658929483,9.107544877597448 27.798637037051062,10.91209086068045 0.8722036680133836,10.91739820002851 3.8365821447994,10.976750859424683 5.834998729855715,11.078580875671726 9.097252663847629,11.138549928993843 11.20321482380719,11.19145217224709 13.239696510131482,11.159641941448713 15.994024757793506,11.101162915161702 17.931418421779192,11.12257754484206 19.959373881907045,11.228869226678128 22.703041823455894,11.206189964169088 24.58863859135974,11.098764290347887 27.72528014374205,12.789341087552552 0.9244580255142638,12.726784050927934 3.9170874092481722,12.800211400254616 5.932182154882549,12.890458066608284 9.150938491806325,12.920208100327928 11.252695403227863,12.962578594044288 13.27975514902902,12.96291519188589 15.929327877284992,12.892244089878984 17.889543795276744,12.876185343416873 20.020849382880396,13.043081993200301 22.77903547665509,13.104843403872534 24.557759695541368,13.072966598208327 27.678674798049556,15.89432524626743 1.0043635298553444,15.860800467449124 4.010927827226627,15.884851969776387 6.0435676046730755,15.894644168004522 9.163556277793624,15.88990798379433 11.281060049977759,15.90425932197437 13.339968757504291,15.931890046387544 15.903007142916737,15.916398812850334 17.812813219227397,15.910432787702003 20.059563696686922,15.985838767796858 22.931948445302336,16.029143939805678 24.608465174223785,16.041657599047156 27.658892226220203,17.983212510064966 1.0557406448341589,18.00785222837127 4.071147903070662,18.0574350932614 6.092639031334317,18.100863276648745 9.16728008575284,18.097283966993253 11.276423469788764,18.074771392854377 13.33558774207559,18.02725623137396 15.892091153615137,18.01595826934931 17.80353294102981,18.02066517988359 20.074217722433453,18.03271488292064 22.963294427535406,18.03470343043419 24.62029817371047,18.034559662647954 27.65421891862339,20.030692605810927 1.1082506045834115,20.10841745945677 4.160524249995748,20.20713075539421 6.173136334570539,20.291886472350864 9.179804895720926,20.288514033561924 11.25188634758535,20.234004419729686 13.271227647262306,20.10643604205774 15.854003662905892,20.107799173366345 17.811665065637193,20.124879393251728 20.079136649056114,20.07690700069458 22.94808518441311,20.040086033297456 24.608218661962766,20.027919795481097 27.647553181186368,23.02977997681376 1.164215168262319,23.063860434307195 4.28604423532354,23.1024627653489 6.286354306909822,23.1369367131835 9.181206524070616,23.128083906607053 11.190364866793741,23.09257763239674 13.140992514021521,23.13628795176601 15.862127204986848,23.259914157660834 17.905989387854596,23.281044723488307 20.049056760366852,23.072504460874438 22.826163002590516,22.99240987668243 24.5771049918427,23.00642191067627 27.658994369854813,25.00764591779547 1.1601549416709847,24.97730226208418 4.275057659914247,24.941649312527847 6.271792956692157,24.91325882443187 9.156065314870153,24.910127248763864 11.146490752330001,24.92697383762939 13.104412181250446,25.12813270122566 15.991222137133896,25.293840838430505 17.998399976960442,25.287444730225392 19.972080113638,25.043535714053235 22.73377602107965,24.97100875888532 24.606875998872273,24.99623579804039 27.705381161691996,27.98930183670202 1.1092142308756694,27.940335416911598 4.148738794030218,27.879531848159406 6.144707496747139,27.83352522582719 9.090209413049951,27.84319023202354 11.077697813073366,27.911089444354438 13.09503300613466,28.26634711152147 16.157170113879634,28.49416938828808 18.07021984992281,28.455332295077152 19.892643797225904,28.134811131939998 22.727384395697847,28.022903091226087 24.744539666902405,27.998725484515226 27.82488886106196
0.0,0.0,0.0,0.0,0.0,0.0,0.0,0.0,0.0,0.0,0.0,0.0,0.0,0.0,0.0,0.0,0.0,0.0,0.0,0.0,0.0,0.0,0.0,0.0,0.0,0.0,0.0,0.0,0.0,0.0,0.0,0.0,0.0,0.0,0.0,0.0,0.0,0.0,0.0,0.0,0.0,0.0,0.0,0.0,0.0,0.0,0.0,0.0,0.0,0.0,0.0,0.0,0.0,0.0,0.0,0.0,0.0,0.0,0.0,0.0,0.0,0.0,0.0,0.0,0.0,0.0,0.0,0.0,0.0,0.0,0.0,0.0,0.0,0.0,0.0,0.0,0.0,0.0,0.0,0.0,0.0,0.0,0.0,0.0,0.0,0.0,0.0,0.0,0.0,0.0,0.0,0.0,0.0,0.0,0.0,0.0,0.0,0.0,0.0,0.0,0.0,0.0,0.0,0.0,0.0,0.0,0.0,0.0,0.0,0.0,0.0,0.0,0.0,0.0,0.0,0.0,0.0,0.0,0.0,0.0,0.0,0.0,0.0,0.0,0.0,0.0,0.0,0.0,0.0,0.0,0.0,0.0,0.0,0.0,0.0,0.0,0.0,0.0,0.0,0.0,0.0,0.0,0.0,0.0
0.0,0.0,0.0,0.0,0.0,0.0,0.0,0.0,0.0,0.0,0.0,0.0,0.0,0.0,0.0,0.0,0.0,0.0,0.0,0.0,0.0,0.0,0.0,0.0,0.0,0.0,0.0,0.0,0.0,0.0,0.0,0.0,0.0,0.0,0.0,0.0,0.0,0.0,0.0,0.0,0.0,0.0,0.0,0.0,0.0,0.0,0.0,0.0,0.0,0.0,0.0,0.0,0.0,0.0,0.0,0.0,0.0,0.0,0.0,0.0,0.0,0.0,0.0,0.0,0.0,0.0,0.0,0.0,0.0,0.0,0.0,0.0,0.0,0.0,0.0,0.0,0.0,0.0,0.0,0.0,0.0,0.0,0.0,0.0,0.0,0.0,0.0,0.0,0.0,0.0,0.0,0.0,0.0,0.0,0.0,0.0,0.0,0.0,0.0,0.0,0.0,0.0,0.0,0.0,0.0,0.0,0.0,0.0,0.0,0.0,0.0,0.0,0.0,0.0,0.0,0.0,0.0,0.0,0.0,0.0,0.0,0.0,0.0,0.0,0.0,0.0,0.0,0.0,0.0,0.0,0.0,0.0,0.0,0.0,0.0,0.0,0.0,0.0,0.0,0.0,0.0,0.0,0.0,0.0
7.637061516989862e-07,7.212426631229779e-07,6.399841104146685e-07,5.40541967057022e-07,4.800961009394146e-07,4.2037982984293624e-07,3.328556133725782e-07,2.777189059968676e-07,2.2703457152464104e-07,1.6806642006924071e-07,1.5793451892373955e-07,1.978737781806506e-07,7.74866384943794e-07,6.119515773866869e-07,5.442657633407502e-07,4.7643374400699047e-07,4.045996720719101e-07,3.18023168385565e-07,1.9812892213032136e-07,1.3880117673181664e-07,9.623438606323008e-08,6.000951130692642e-08,6.809551690989995e-08,1.520943485196385e-07,1.8079035486024658e-06,1.4345039779200045e-06,1.3574092651045882e-06,1.2127875890508157e-06,9.956217243520323e-07,7.303863361304359e-07,3.798137239084954e-07,2.2268635223495187e-07,1.2414097425733815e-07,5.4026836984332057e-08,5.978876780757694e-08,1.6255061684926818e-07,7.470806996947468e-06,6.0949470191932585e-06,6.102728515915441e-06,5.507437696337781e-06,4.451369271067674e-06,3.179538139637744e-06,1.5397945610400438e-06,8.30891124699808e-07,4.0937857852460875e-07,1.3088600982552123e-07,9.981446896852991e-08,2.2398606717818932e-07,1.687310643035169e-05,1.2912522612923705e-05,1.3138794386683079e-05,1.2048130346000463e-05,9.854141681504495e-06,7.1164306974696595e-06,3.453472874329315e-06,1.8320030987306769e-06,8.690686963161131e-07,2.45311780685065e-07,1.4868306013928143e-07,2.745856088546394e-07,3.233187151396868e-05,1.858747153048468e-05,1.822159292586159e-05,1.8006346904314214e-05,1.6251798674715363e-05,1.2865528572725768e-05,6.757454025420449e-06,3.6243076860668198e-06,1.6918811465780638e-06,4.3977392949883013e-07,2.2053182917008675e-07,3.2535233245238757e-07,4.6775896450873425e-05,-6.0393122406683045e-05,-8.926135359659264e-05,-5.617306272539185e-05,-1.2830463797379404e-05,1.1978199336598312e-05,1.3760054249275957e-05,8.067943599933171e-06,3.7918637818940745e-06,9.19166162156475e-07,3.780291979902451e-07,3.899251970098615e-07,4.675103466383158e-07,-0.00044301599489745104,-0.000646211896098585,-0.00042992175847764044,-0.00015962615082886037,-1.7900822823727622e-05,1.795715585373231e-05,1.1816616789328796e-05,5.6464384517779825e-06,1.3316465321951497e-06,5.02556192622814e-07,4.169820122964931e-07,-0.00012812590690156338,-0.002572432640507498,-0.004917107184246171,-0.0025464461814455786,-0.0005339868001902162,-8.265939091953815e-05,2.0227047600094434e-05,1.537300131770226e-05,7.48177983145774e-06,1.729485092920607e-06,6.142257102426744e-07,4.275385778765674e-07,-0.00032667394212176925,-0.007209266667495202,-0.015723588548148766,-0.0071681476721692046,-0.0010985047569272554,-0.00017500018137304597,2.042389088503404e-05,1.8507994559343204e-05,9.21027088587225e-06,2.0981308864817672e-06,7.087635941121758e-07,4.2632587761241134e-07,-0.00031411976112647724,-0.006888217263024302,-0.015144362438744723,-0.006847451413879639,-0.0010409462572839464,-0.0001723188404131169,2.0242185948368052e-05,1.88149350208512e-05,9.49257736295667e-06,2.1956812686685604e-06,7.476899896543019e-07,4.414683381156481e-07,-9.727749024617531e-06,-0.0014190060146935925,-0.0025106802417112863,-0.0013858555626730942,-0.0003708335345510885,-3.272803539336346e-05,3.708395051389567e-05,2.3299169921976658e-05,1.0759035599313782e-05,2.4015791517855315e-06,8.160464524478957e-07,4.40434625185313e-07
0.0,0.0,0.0,0.0,0.0,0.0,0.0,0.0,0.0,0.0,0.0,0.0,0.0,0.0,0.0,0.0,0.0,0.0,0.0,0.0,0.0,0.0,0.0,0.0,0.0,0.0,0.0,0.0,0.0,0.0,0.0,0.0,0.0,0.0,0.0,0.0,0.0,0.0,0.0,0.0,0.0,0.0,0.0,0.0,0.0,0.0,0.0,0.0,0.0,0.0,0.0,0.0,0.0,0.0,0.0,0.0,0.0,0.0,0.0,0.0,0.0,0.0,0.0,0.0,0.0,0.0,0.0,0.0,0.0,0.0,0.0,0.0,0.0,0.0,0.0,0.0,0.0,0.0,0.0,0.0,0.0,0.0,0.0,0.0,0.0,0.0,0.0,0.0,0.0,0.0,0.0,0.0,0.0,0.0,0.0,0.0,0.0,0.0,0.0,0.0,0.0,0.0,0.0,0.0,0.0,0.0,0.0,0.0,0.0,0.0,0.0,0.0,0.0,0.0,0.0,0.0,0.0,0.0,0.0,0.0,0.0,0.0,0.0,0.0,0.0,0.0,0.0,0.0,0.0,0.0,0.0,0.0,0.0,0.0,0.0,0.0,0.0,0.0,0.0,0.0,0.0,0.0,0.0,0.0
6.118211336589977e-07,5.403066758962577e-07,4.7531779921918386e-07,4.144962299963755e-07,3.8194271790264405e-07,3.4912607239257976e-07,2.9677850775481554e-07,2.6073192978457813e-07,2.257482837066929e-07,1.850052035172684e-07,1.8385012784266584e-07,2.2815248735514936e-07,5.614786244666485e-07,4.0534332229231666e-07,3.855128733866986e-07,4.163056358591483e-07,4.040527608571578e-07,3.5477567624962727e-07,2.4485348033746486e-07,1.7405621074531475e-07,1.1786548023966354e-07,6.979094907047925e-08,7.804574886525598e-08,1.6910412167555056e-07,1.1136412776387163e-06,8.890545473032209e-07,9.745576600482647e-07,1.1499407050022268e-06,1.1197166685788826e-06,9.59234705533389e-07,6.040056414051595e-07,3.8451326309565916e-07,2.2026454439464775e-07,8.638750517044158e-08,7.817051133618272e-08,1.8776937655144985e-07,4.0470874471494755e-06,3.7449342593274276e-06,4.504991569111696e-06,5.4198550708073065e-06,5.243189403003837e-06,4.44277390851198e-06,2.724643568989495e-06,1.6851411871207773e-06,9.240215564624372e-07,3.090967459661484e-07,1.8369731581678165e-07,2.864353427171608e-07,8.883066718488015e-06,8.178431305907408e-06,9.957195553824642e-06,1.1900309853835408e-05,1.1541232189394317e-05,9.879470144363044e-06,6.180663779575799e-06,3.851911295579074e-06,2.1076575795139742e-06,6.786813870111516e-07,3.422330119462368e-07,3.799168809715246e-07,1.7584901895604464e-05,1.3818811582950835e-05,1.538240157483729e-05,1.6882915934171548e-05,1.6904124080796842e-05,1.5805856909833505e-05,1.1391139986928011e-05,7.532869442222375e-06,4.2332429176933855e-06,1.3500811651864114e-06,6.146502254303327e-07,4.932456631951781e-07,3.81047928663285e-05,8.603167445314571e-08,-3.57099715279017e-05,-8.119321104487405e-05,-6.589083901392592e-05,-2.5445415624991994e-05,1.2807150323102949e-05,1.4444593407819637e-05,9.393461600636967e-06,3.0882740850424402e-06,1.2933427044714842e-06,6.884530163911214e-07,5.2914939272316685e-05,-7.40881893823202e-05,-0.00028356211080844126,-0.0006011411366213086,-0.0004952468187112856,-0.00022834928062758956,-7.457361214886424e-06,1.6836502139105476e-05,1.3560087109351662e-05,4.641608108325537e-06,1.884864158332375e-06,8.109745199227102e-07,6.396199349458839e-05,-0.0002335806133007026,-0.0012236171175453257,-0.004761045859441964,-0.0034161053541088703,-0.0008735867507206742,-5.31629153500375e-05,1.5427596053131907e-05,1.7318813115518397e-05,6.194724802649026e-06,2.4649596643155777e-06,8.981414570604218e-07,7.062038830718155e-05,-0.0004628633254834031,-0.0028567093714155917,-0.015412819977744538,-0.010911294111982118,-0.0019826792879564363,-0.00012136917099116588,1.0116661580152657e-05,2.0382288338163772e-05,7.68758984931125e-06,3.0176490766579263e-06,9.428012154503099e-07,7.133821514645123e-05,-0.0004485771188070486,-0.002692991021132172,-0.014868691005970413,-0.010546144600983732,-0.0018943476460402209,-0.0001226357973567299,9.211513264324434e-06,2.053388822369168e-05,7.948264605448102e-06,3.148199006118001e-06,9.683476614410688e-07,0.00010368099969886485,-0.00015854065890726126,-0.0007760421719728061,-0.0024218471893511953,-0.0019137501898117257,-0.0006536201082423167,-1.7590364388772173e-05,3.458675667664652e-05,2.7103568633758652e-05,8.90737228828643e-06,3.4225521128364882e-06,9.922091432035448e-07
0.0,0.0,0.0,0.0,0.0,0.0,0.0,0.0,0.0,0.0,0.0,0.0,0.0,0.0,0.0,0.0,0.0,0.0,0.0,0.0,0.0,0.0,0.0,0.0,0.0,0.0,0.0,0.0,0.0,0.0,0.0,0.0,0.0,0.0,0.0,0.0,0.0,0.0,0.0,0.0,0.0,0.0,0.0,0.0,0.0,0.0,0.0,0.0,0.0,0.0,0.0,0.0,0.0,0.0,0.0,0.0,0.0,0.0,0.0,0.0,0.0,0.0,0.0,0.0,0.0,0.0,0.0,0.0,0.0,0.0,0.0,0.0,0.0,0.0,0.0,0.0,0.0,0.0,0.0,0.0,0.0,0.0,0.0,0.0,0.0,0.0,0.0,0.0,0.0,0.0,0.0,0.0,0.0,0.0,0.0,0.0,0.0,0.0,0.0,0.0,0.0,0.0,0.0,0.0,0.0,0.0,0.0,0.0,0.0,0.0,0.0,0.0,0.0,0.0,0.0,0.0,0.0,0.0,0.0,0.0,0.0,0.0,0.0,0.0,0.0,0.0,0.0,0.0,0.0,0.0,0.0,0.0,0.0,0.0,0.0,0.0,0.0,0.0,0.0,0.0,0.0,0.0,0.0,0.0
0.0,0.0,0.0,0.0,0.0,0.0,0.0,0.0,0.0,0.0,0.0,0.0,0.0,0.0,0.0,0.0,0.0,0.0,0.0,0.0,0.0,0.0,0.0,0.0,0.0,0.0,0.0,0.0,0.0,0.0,0.0,0.0,0.0,0.0,0.0,0.0,0.0,0.0,0.0,0.0,0.0,0.0,0.0,0.0,0.0,0.0,0.0,0.0,0.0,0.0,0.0,0.0,0.0,0.0,0.0,0.0,0.0,0.0,0.0,0.0,0.0,0.0,0.0,0.0,0.0,0.0,0.0,0.0,0.0,0.0,0.0,0.0,0.0,0.0,0.0,0.0,0.0,0.0,0.0,0.0,0.0,0.0,0.0,0.0,0.0,0.0,0.0,0.0,0.0,0.0,0.0,0.0,0.0,0.0,0.0,0.0,0.0,0.0,0.0,0.0,0.0,0.0,0.0,0.0,0.0,0.0,0.0,0.0,0.0,0.0,0.0,0.0,0.0,0.0,0.0,0.0,0.0,0.0,0.0,0.0,0.0,0.0,0.0,0.0,0.0,0.0,0.0,0.0,0.0,0.0,0.0,0.0,0.0,0.0,0.0,0.0,0.0,0.0,0.0,0.0,0.0,0.0,0.0,0.0
0.0,0.0,0.0,0.0,0.0,0.0,0.0,0.0,0.0,0.0,0.0,0.0,0.0,0.0,0.0,0.0,0.0,0.0,0.0,0.0,0.0,0.0,0.0,0.0,0.0,0.0,0.0,0.0,0.0,0.0,0.0,0.0,0.0,0.0,0.0,0.0,0.0,0.0,0.0,0.0,0.0,0.0,0.0,0.0,0.0,0.0,0.0,0.0,0.0,0.0,0.0,0.0,0.0,0.0,0.0,0.0,0.0,0.0,0.0,0.0,0.0,0.0,0.0,0.0,0.0,0.0,0.0,0.0,0.0,0.0,0.0,0.0,0.0,0.0,0.0,0.0,0.0,0.0,0.0,0.0,0.0,0.0,0.0,0.0,0.0,0.0,0.0,0.0,0.0,0.0,0.0,0.0,0.0,0.0,0.0,0.0,0.0,0.0,0.0,0.0,0.0,0.0,0.0,0.0,0.0,0.0,0.0,0.0,0.0,0.0,0.0,0.0,0.0,0.0,0.0,0.0,0.0,0.0,0.0,0.0,0.0,0.0,0.0,0.0,0.0,0.0,0.0,0.0,0.0,0.0,0.0,0.0,0.0,0.0,0.0,0.0,0.0,0.0,0.0,0.0,0.0,0.0,0.0,0.0
0.0,0.0,0.0,0.0,0.0,0.0,0.0,0.0,0.0,0.0,0.0,0.0,0.0,0.0,0.0,0.0,0.0,0.0,0.0,0.0,0.0,0.0,0.0,0.0,0.0,0.0,0.0,0.0,0.0,0.0,0.0,0.0,0.0,0.0,0.0,0.0,0.0,0.0,0.0,0.0,0.0,0.0,0.0,0.0,0.0,0.0,0.0,0.0,0.0,0.0,0.0,0.0,0.0,0.0,0.0,0.0,0.0,0.0,0.0,0.0,0.0,0.0,0.0,0.0,0.0,0.0,0.0,0.0,0.0,0.0,0.0,0.0,0.0,0.0,0.0,0.0,0.0,0.0,0.0,0.0,0.0,0.0,0.0,0.0,0.0,0.0,0.0,0.0,0.0,0.0,0.0,0.0,0.0,0.0,0.0,0.0,0.0,0.0,0.0,0.0,0.0,0.0,0.0,0.0,0.0,0.0,0.0,0.0,0.0,0.0,0.0,0.0,0.0,0.0,0.0,0.0,0.0,0.0,0.0,0.0,0.0,0.0,0.0,0.0,0.0,0.0,0.0,0.0,0.0,0.0,0.0,0.0,0.0,0.0,0.0,0.0,0.0,0.0,0.0,0.0,0.0,0.0,0.0,0.0
0.0,0.0,0.0,0.0,0.0,0.0,0.0,0.0,0.0,0.0,0.0,0.0,0.0,0.0,0.0,0.0,0.0,0.0,0.0,0.0,0.0,0.0,0.0,0.0,0.0,0.0,0.0,0.0,0.0,0.0,0.0,0.0,0.0,0.0,0.0,0.0,0.0,0.0,0.0,0.0,0.0,0.0,0.0,0.0,0.0,0.0,0.0,0.0,0.0,0.0,0.0,0.0,0.0,0.0,0.0,0.0,0.0,0.0,0.0,0.0,0.0,0.0,0.0,0.0,0.0,0.0,0.0,0.0,0.0,0.0,0.0,0.0,0.0,0.0,0.0,0.0,0.0,0.0,0.0,0.0,0.0,0.0,0.0,0.0,0.0,0.0,0.0,0.0,0.0,0.0,0.0,0.0,0.0,0.0,0.0,0.0,0.0,0.0,0.0,0.0,0.0,0.0,0.0,0.0,0.0,0.0,0.0,0.0,0.0,0.0,0.0,0.0,0.0,0.0,0.0,0.0,0.0,0.0,0.0,0.0,0.0,0.0,0.0,0.0,0.0,0.0,0.0,0.0,0.0,0.0,0.0,0.0,0.0,0.0,0.0,0.0,0.0,0.0,0.0,0.0,0.0,0.0,0.0,0.0
1.8343013995524379e-07,1.524232267225951e-07,1.6457250621592848e-07,2.50522537505565e-07,3.239801964187668e-07,3.845565106196898e-07,4.089596656934623e-07,3.726203776917758e-07,3.0865926831854204e-07,2.1689669110659185e-07,2.0119881991074982e-07,2.3167059742355454e-07,1.9927598460314216e-07,2.5231414151328656e-07,4.423026127669409e-07,9.766364239466298e-07,1.4007230815867543e-06,1.7510731389154502e-06,1.8974870542491743e-06,1.6887229235405263e-06,1.309490601711069e-06,6.965364468624155e-07,4.3301396623233333e-07,3.37040141211625e-07,3.4759591100713753e-07,6.280420015976882e-07,1.1929924886718713e-06,2.6530755123238535e-06,3.8024313041678987e-06,4.754218227938497e-06,5.1573385683969254e-06,4.5953529265253965e-06,3.570269247895818e-06,1.8924627506066046e-06,1.1112715170028125e-06,6.916443606290512e-07,1.0122497413011898e-06,2.211115066446412e-06,4.1829618896361266e-06,8.64636933336748e-06,1.1731061873164043e-05,1.4029063386663806e-05,1.4955813051787268e-05,1.3703491673442132e-05,1.1191260903053184e-05,6.437033713827707e-06,3.845852107287178e-06,2.1967729884532504e-06,1.8931483718263272e-06,4.264413155523396e-06,7.752387295926544e-06,1.3220703619468671e-05,1.3873827756227214e-05,1.17755333946934e-05,1.0208171615736104e-05,1.2418508129192126e-05,1.4136525429411932e-05,1.10608126157933e-05,7.183895679298444e-06,4.210418491817699e-06,3.1849887485760394e-06,7.152131669344445e-06,1.1958686172650156e-05,8.842514211640615e-06,-1.602458827615239e-05,-5.679285114735135e-05,-8.03414115213599e-05,-4.834467165859014e-05,-9.06374067099835e-06,1.3716332868882044e-05,1.1348526690476746e-05,7.191014401421189e-06,5.58745304299569e-06,1.2148759270866053e-05,1.6331405618034613e-05,-5.1586440891682894e-05,-0.0003223600801292206,-0.0010097034784107184,-0.001501798519698187,-0.0008413703088821257,-0.00023926784501102885,2.193113260528222e-06,1.6668685474977592e-05,1.2797380134681135e-05,6.975635494223471e-06,1.4828984343072251e-05,1.679996606615184e-05,-0.00012552294846918392,-0.0007629642199466229,-0.004776801368842528,-0.009670214395509594,-0.00352905963241327,-0.0005590883036444835,-1.5775316991551945e-05,1.827148486423914e-05,1.6083281291789186e-05,7.685184288161112e-06,1.6096712198530453e-05,1.62916431439361e-05,-0.00017733466709523844,-0.0010866891548272529,-0.007100834894883532,-0.014801792520191509,-0.005422028788172944,-0.0007987819767120055,-2.9482908087920086e-05,1.8482783614739917e-05,1.7799702492020484e-05,7.155492375903758e-06,1.4795909104921381e-05,1.597041974021278e-05,-0.0001369331895202977,-0.0008196922233917148,-0.005287705403625537,-0.011270605589126027,-0.004138390939742734,-0.0006262789740699142,-2.135283037616597e-05,1.7509415292405263e-05,1.6509574703316153e-05,6.355529768152985e-06,1.2921815200957404e-05,1.6274013458027922e-05,-6.420629654055784e-05,-0.0003791452097469903,-0.0013299555854544732,-0.002305108405503985,-0.0012052635243046642,-0.0003046076467106848,-3.4069333163117463e-06,1.6814050825821144e-05,1.432792634119076e-05,6.433668723363204e-06,1.5439431904250516e-05,2.8456405905570088e-05,4.551277843045258e-05,3.3068809162475755e-05,-3.740092885030215e-06,-3.079949562535284e-05,2.883688359252092e-07,3.515350413691486e-05,4.013241387302736e-05,2.6471733757453683e-05,1.433174658168547e-05
0.0,0.0,0.0,0.0,0.0,0.0,0.0,0.0,0.0,0.0,0.0,0.0,0.0,0.0,0.0,0.0,0.0,0.0,0.0,0.0,0.0,0.0,0.0,0.0,0.0,0.0,0.0,0.0,0.0,0.0,0.0,0.0,0.0,0.0,0.0,0.0,0.0,0.0,0.0,0.0,0.0,0.0,0.0,0.0,0.0,0.0,0.0,0.0,0.0,0.0,0.0,0.0,0.0,0.0,0.0,0.0,0.0,0.0,0.0,0.0,0.0,0.0,0.0,0.0,0.0,0.0,0.0,0.0,0.0,0.0,0.0,0.0,0.0,0.0,0.0,0.0,0.0,0.0,0.0,0.0,0.0,0.0,0.0,0.0,0.0,0.0,0.0,0.0,0.0,0.0,0.0,0.0,0.0,0.0,0.0,0.0,0.0,0.0,0.0,0.0,0.0,0.0,0.0,0.0,0.0,0.0,0.0,0.0,0.0,0.0,0.0,0.0,0.0,0.0,0.0,0.0,0.0,0.0,0.0,0.0,0.0,0.0,0.0,0.0,0.0,0.0,0.0,0.0,0.0,0.0,0.0,0.0,0.0,0.0,0.0,0.0,0.0,0.0,0.0,0.0,0.0,0.0,0.0,0.0
0.0,0.0,0.0,0.0,0.0,0.0,0.0,0.0,0.0,0.0,0.0,0.0,0.0,0.0,0.0,0.0,0.0,0.0,0.0,0.0,0.0,0.0,0.0,0.0,0.0,0.0,0.0,0.0,0.0,0.0,0.0,0.0,0.0,0.0,0.0,0.0,0.0,0.0,0.0,0.0,0.0,0.0,0.0,0.0,0.0,0.0,0.0,0.0,0.0,0.0,0.0,0.0,0.0,0.0,0.0,0.0,0.0,0.0,0.0,0.0,0.0,0.0,0.0,0.0,0.0,0.0,0.0,0.0,0.0,0.0,0.0,0.0,0.0,0.0,0.0,0.0,0.0,0.0,0.0,0.0,0.0,0.0,0.0,0.0,0.0,0.0,0.0,0.0,0.0,0.0,0.0,0.0,0.0,0.0,0.0,0.0,0.0,0.0,0.0,0.0,0.0,0.0,0.0,0.0,0.0,0.0,0.0,0.0,0.0,0.0,0.0,0.0,0.0,0.0,0.0,0.0,0.0,0.0,0.0,0.0,0.0,0.0,0.0,0.0,0.0,0.0,0.0,0.0,0.0,0.0,0.0,0.0,0.0,0.0,0.0,0.0,0.0,0.0,0.0,0.0,0.0,0.0,0.0,0.0
0.0,0.0,0.0,0.0,0.0,0.0,0.0,0.0,0.0,0.0,0.0,0.0,0.0,0.0,0.0,0.0,0.0,0.0,0.0,0.0,0.0,0.0,0.0,0.0,0.0,0.0,0.0,0.0,0.0,0.0,0.0,0.0,0.0,0.0,0.0,0.0,0.0,0.0,0.0,0.0,0.0,0.0,0.0,0.0,0.0,0.0,0.0,0.0,0.0,0.0,0.0,0.0,0.0,0.0,0.0,0.0,0.0,0.0,0.0,0.0,0.0,0.0,0.0,0.0,0.0,0.0,0.0,0.0,0.0,0.0,0.0,0.0,0.0,0.0,0.0,0.0,0.0,0.0,0.0,0.0,0.0,0.0,0.0,0.0,0.0,0.0,0.0,0.0,0.0,0.0,0.0,0.0,0.0,0.0,0.0,0.0,0.0,0.0,0.0,0.0,0.0,0.0,0.0,0.0,0.0,0.0,0.0,0.0,0.0,0.0,0.0,0.0,0.0,0.0,0.0,0.0,0.0,0.0,0.0,0.0,0.0,0.0,0.0,0.0,0.0,0.0,0.0,0.0,0.0,0.0,0.0,0.0,0.0,0.0,0.0,0.0,0.0,0.0,0.0,0.0,0.0,0.0,0.0,0.0
9.65367378532601e-07,1.8215157484359558e-06,3.2624677456509413e-06,6.9571834171181615e-06,9.892090481616431e-06,1.2338060021362048e-05,1.3378216979026487e-05,1.1933567498754146e-05,9.313132675675661e-06,5.066059537972408e-06,3.074756965700941e-06,1.7918358965188527e-06,1.5342302583904614e-06,3.2214693220430787e-06,5.910286848904333e-06,1.1334279014600548e-05,1.4270639508802255e-05,1.5824222852998817e-05,1.628710872307971e-05,1.5695086323267688e-05,1.386030389874229e-05,8.811925796970701e-06,5.487841207803869e-06,3.2529099853587895e-06,2.499759175675206e-06,5.562253473002708e-06,9.747320006303486e-06,1.2943945990935549e-05,6.106397199778876e-06,-7.056273437358281e-06,-1.4716305610565269e-05,-4.192243120983753e-06,8.342318963030514e-06,1.2808763862059878e-05,9.131996234844634e-06,5.56828927548706e-06,4.7854326121746125e-06,1.0492947971731384e-05,1.5317268516036675e-05,-2.2291526848406106e-05,-0.00016244269269742194,-0.00042164853463558553,-0.0005869461357018717,-0.0003650054122751661,-0.0001231808990569362,8.64659780675598e-06,1.5191974991112074e-05,1.0884730535728096e-05,6.395088612409937e-06,1.3692288912334222e-05,1.687222650037344e-05,-8.765997882131057e-05,-0.0005340458747623166,-0.0025184679348421307,-0.004551413226156941,-0.0019238053742374763,-0.0003911388731090593,-6.311593385352497e-06,1.7774657957560657e-05,1.4638969376703829e-05,7.547275296085041e-06,1.5882389902200568e-05,1.6904033498514634e-05,-0.00015708566965397228,-0.000962519214653924,-0.006450178258305619,-0.013483842444394446,-0.004835787488648976,-0.000704755480720819,-2.3598065631377967e-05,1.8820622412265316e-05,1.7355612484672706e-05,7.64528065829495e-06,1.6095691857758605e-05,1.698837810418129e-05,-0.00016297842643103207,-0.0009988613939552742,-0.006728431286688909,-0.014229285928414114,-0.00515692811503239,-0.0007492788267757873,-2.6165784534733718e-05,1.88324360761267e-05,1.7658802079591024e-05,6.589743319080003e-06,1.4125575283016128e-05,1.7156924434834247e-05,-9.674234696384252e-05,-0.0005887748930683569,-0.0030295015033940578,-0.006154269639582574,-0.0025339149282722637,-0.00045698746289714966,-1.0190259238053422e-05,1.794709878453816e-05,1.5240528953047886e-05,5.014608464461458e-06,1.1020764187344761e-05,1.5861057483936617e-05,-2.858168585351572e-05,-0.00019736642879319445,-0.0005525378690669645,-0.0008192979929554728,-0.0005062096011237338,-0.00016382311419174211,6.1311684425594555e-06,1.5660091303181086e-05,1.1591540087933892e-05,2.6836542596160585e-06,6.0059337951614185e-06,1.0441776794019893e-05,1.2463240540829313e-05,1.4797437147565787e-06,-1.8685238708345426e-05,-3.177433418649533e-05,-1.6459541808358584e-05,3.153613161039663e-06,1.3049753741419766e-05,9.835816517897337e-06,6.128954063880275e-06,1.6697453903849572e-06,3.546225486402416e-06,6.489328800589025e-06,1.2116495079528084e-05,1.4643046479957597e-05,1.5359939556734134e-05,1.5170586902947613e-05,1.515157443065085e-05,1.41627527092614e-05,9.598524547429928e-06,6.098728101071483e-06,3.652176071360756e-06,1.0654754161126499e-06,2.075125046829679e-06,3.759077069902117e-06,8.072019221508621e-06,1.151140237656716e-05,1.43960940114095e-05,1.5672999175305006e-05,1.4019892406793232e-05,1.0971401956620133e-05,5.981451268946787e-06,3.612918847898193e-06,2.0707090843787303e-06
0.0,0.0,0.0,0.0,0.0,0.0,0.0,0.0,0.0,0.0,0.0,0.0,0.0,0.0,0.0,0.0,0.0,0.0,0.0,0.0,0.0,0.0,0.0,0.0,0.0,0.0,0.0,0.0,0.0,0.0,0.0,0.0,0.0,0.0,0.0,0.0,0.0,0.0,0.0,0.0,0.0,0.0,0.0,0.0,0.0,0.0,0.0,0.0,0.0,0.0,0.0,0.0,0.0,0.0,0.0,0.0,0.0,0.0,0.0,0.0,0.0,0.0,0.0,0.0,0.0,0.0,0.0,0.0,0.0,0.0,0.0,0.0,0.0,0.0,0.0,0.0,0.0,0.0,0.0,0.0,0.0,0.0,0.0,0.0,0.0,0.0,0.0,0.0,0.0,0.0,0.0,0.0,0.0,0.0,0.0,0.0,0.0,0.0,0.0,0.0,0.0,0.0,0.0,0.0,0.0,0.0,0.0,0.0,0.0,0.0,0.0,0.0,0.0,0.0,0.0,0.0,0.0,0.0,0.0,0.0,0.0,0.0,0.0,0.0,0.0,0.0,0.0,0.0,0.0,0.0,0.0,0.0,0.0,0.0,0.0,0.0,0.0,0.0,0.0,0.0,0.0,0.0,0.0,0.0
2.6258734548307667e-06,5.983417198432951e-06,1.1262652579077185e-05,2.3782158222788587e-05,3.295303051025122e-05,4.0079084029756894e-05,4.3022732816178645e-05,3.904146136623617e-05,3.133106168545053e-05,1.754345406423927e-05,1.0366011901822427e-05,5.4340572360083395e-06,3.3952639785015764e-06,7.259041359510229e-06,1.1920023658868262e-05,8.293683770547395e-06,-1.7147747526302567e-05,-5.84899868454926e-05,-8.230728174915439e-05,-4.994631312792906e-05,-1.0070541707487563e-05,1.3476840561544338e-05,1.1411739356114782e-05,7.464863926781646e-06,4.722332203849205e-06,1.028093226883627e-05,1.4904840470594109e-05,-2.3183042653179116e-05,-0.00016373032156456039,-0.0004232786901206256,-0.0005887259525923656,-0.00036658088835472504,-0.00012439353600774824,8.005260291454337e-06,1.48347637661715e-05,1.0745347423637385e-05,6.943586655457563e-06,1.4790746995174227e-05,1.6737522411788476e-05,-0.00012562846906860194,-0.0007630915097936726,-0.004776940865010813,-0.009670356397230967,-0.003529194328810179,-0.0005592073100993322,-1.5856243916358135e-05,1.8213365285242873e-05,1.6011408369807567e-05,7.739001555186056e-06,1.6306562195248e-05,1.6678081637438978e-05,-0.00017651130423065834,-0.0010854890804227804,-0.007099299376074257,-0.014800101623649475,-0.005420533302866688,-0.0007976350145954396,-2.8871385729871945e-05,1.8834047304849046e-05,1.7897036978268617e-05,7.597718072010071e-06,1.6058829892637434e-05,1.694391235622165e-05,-0.00016304626729519213,-0.0009989442801038358,-0.006728525059279097,-0.014229383795411402,-0.005157019629964977,-0.0007493579998309022,-2.6222348248596465e-05,1.8783162222106428e-05,1.7595357821382093e-05,5.837617216105569e-06,1.26945018776934e-05,1.68119422071021e-05,-5.966552019171238e-05,-0.00036928257468784323,-0.0013142098574119596,-0.002286289370478292,-0.0011902254357933912,-0.00029555047129228927,-1.164078994430382e-06,1.7048884260032682e-05,1.3513781558640188e-05,4.197661393592063e-06,9.352899821973834e-06,1.4520305639652659e-05,-6.211759860000639e-06,-8.724385416523597e-05,-0.00023101578307403503,-0.00032828538777700413,-0.00021292030754906517,-7.270310791056988e-05,1.1090285088016119e-05,1.40264628708773e-05,9.691695732714252e-06,2.6790007715145726e-06,6.062147074690897e-06,1.0552490403004883e-05,1.2677034363996797e-05,1.7694916120092295e-06,-1.833289923984147e-05,-3.139407150592552e-05,-1.6114374827132933e-05,3.4327374668785374e-06,1.3212853127290598e-05,9.92843752793323e-06,6.147555670704726e-06,1.1245303798087815e-06,2.4546784453021447e-06,4.636784271453616e-06,9.46276228406651e-06,1.26305714983545e-05,1.483790651503728e-05,1.5652874940221238e-05,1.4499932376319084e-05,1.2086506769195481e-05,7.165332802844357e-06,4.334501158120558e-06,2.5044983431407247e-06,6.294000423177161e-07,1.1902635531963883e-06,2.228194563109906e-06,4.823309818480872e-06,6.8281920438369255e-06,8.472719227109145e-06,9.186623749810088e-06,8.2491808543361e-06,6.499565040782322e-06,3.5534579339797204e-06,2.1200528938710586e-06,1.2936563782390924e-06,4.0115837857252007e-07,5.390793484186095e-07,8.471751606995062e-07,1.713783333600548e-06,2.4099442588696613e-06,2.991718878247709e-06,3.2474245368231484e-06,2.913435650896255e-06,2.298105928049047e-06,1.304475996430763e-06,8.743926487975554e-07,6.44558519054481e-07
0.0,0.0,0.0,0.0,0.0,0.0,0.0,0.0,0.0,0.0,0.0,0.0,0.0,0.0,0.0,0.0,0.0,0.0,0.0,0.0,0.0,0.0,0.0,0.0,0.0,0.0,0.0,0.0,0.0,0.0,0.0,0.0,0.0,0.0,0.0,0.0,0.0,0.0,0.0,0.0,0.0,0.0,0.0,0.0,0.0,0.0,0.0,0.0,0.0,0.0,0.0,0.0,0.0,0.0,0.0,0.0,0.0,0.0,0.0,0.0,0.0,0.0,0.0,0.0,0.0,0.0,0.0,0.0,0.0,0.0,0.0,0.0,0.0,0.0,0.0,0.0,0.0,0.0,0.0,0.0,0.0,0.0,0.0,0.0,0.0,0.0,0.0,0.0,0.0,0.0,0.0,0.0,0.0,0.0,0.0,0.0,0.0,0.0,0.0,0.0,0.0,0.0,0.0,0.0,0.0,0.0,0.0,0.0,0.0,0.0,0.0,0.0,0.0,0.0,0.0,0.0,0.0,0.0,0.0,0.0,0.0,0.0,0.0,0.0,0.0,0.0,0.0,0.0,0.0,0.0,0.0,0.0,0.0,0.0,0.0,0.0,0.0,0.0,0.0,0.0,0.0,0.0,0.0,0.0
3.6525477589690667e-06,9.878457751391483e-06,1.9887264188803796e-05,4.06795214992503e-05,4.507715115384066e-05,3.0254595657515888e-05,2.077517613474862e-06,1.1696987842472747e-05,3.496676480593601e-05,4.371398936317901e-05,3.193905891170507e-05,2.032087219717776e-05,3.5831067875499465e-06,8.97467459303935e-06,1.5151282831324202e-05,-9.122785419556912e-06,-0.00014978473211889402,-0.0006365651010449068,-0.0015770246825715958,-0.0012291111332917964,-0.0004989517578369896,-3.419236993462146e-05,1.3793915331707897e-05,2.079874529017012e-05,4.011338993536471e-06,1.0567216440848065e-05,1.717780894482393e-05,-3.575805500135503e-05,-0.00032918143785348015,-0.0019576624129040696,-0.01011295861430806,-0.007093425695535859,-0.0013296668554812264,-8.675189311082082e-05,9.689168280954189e-06,2.479199571393047e-05,4.389002465809274e-06,1.187691320380559e-05,1.894968249684786e-05,-5.3574863396005934e-05,-0.0004591816094087884,-0.002879668232728427,-0.015532576826273287,-0.01101014800806596,-0.0020180460602399106,-0.00012564292134500856,7.106239281664148e-06,2.7772886308849807e-05,4.059050780375672e-06,1.1049616662391944e-05,1.8173747379244684e-05,-3.655849461403587e-05,-0.000346622948121474,-0.002082583566616651,-0.011663301156444088,-0.008337966690901182,-0.001499617026949238,-9.438891355139313e-05,9.954369711421854e-06,2.570103674476934e-05,3.3194665162953043e-06,9.069758225743661e-06,1.578036510859814e-05,-9.50016993205473e-06,-0.00016451189626361508,-0.0007422354925785689,-0.0023299879702214183,-0.001838874278725832,-0.0006306280548657697,-4.091786939257174e-05,1.3789990398926354e-05,2.0947018394460533e-05,1.958667534951471e-06,5.330087715421106e-06,1.016606086443547e-05,1.2957630859599787e-05,-5.994836643537333e-06,-5.4491764664873986e-05,-0.00012327030231865584,-0.00010444795340450191,-4.768648028218792e-05,8.528688000486254e-06,1.3806284777212987e-05,1.2183198994308589e-05,1.195741736924988e-06,3.1859214219214786e-06,6.3531008086811515e-06,1.2473185698616895e-05,1.3805411584300012e-05,1.056201081334076e-05,4.158153494972229e-06,5.812689144224025e-06,1.0753851405257992e-05,1.2977321912898767e-05,9.964931521861706e-06,7.274629002231337e-06,6.609148303825324e-07,1.6650858368635635e-06,3.4044745294481774e-06,7.800928900730223e-06,1.1172675042364125e-05,1.3931898872139772e-05,1.5754134991081923e-05,1.5254403901809003e-05,1.3414043178125757e-05,8.805464817651226e-06,5.75452407675905e-06,3.849496138689953e-06,2.4689422838314037e-07,4.829545657603275e-07,9.888255547113613e-07,2.4442467712031217e-06,3.74740128893934e-06,5.01223936554865e-06,6.024730742487136e-06,5.752943815017629e-06,4.7917964628528695e-06,2.824496033658437e-06,1.7760319552262783e-06,1.2071735005743378e-06,1.5785296758122164e-07,2.006064260106298e-07,3.7569936049028074e-07,9.238341218747263e-07,1.420137616377926e-06,1.9027950628694998e-06,2.2884138180855435e-06,2.1825113177796465e-06,1.812880221251904e-06,1.068471183072039e-06,6.998858064023422e-07,5.482346494246842e-07,1.6345577890040835e-07,1.34427227189177e-07,1.4967147043678668e-07,2.4754511893359843e-07,3.4022392353435847e-07,4.2951656078182296e-07,4.992015525415309e-07,4.79336490077685e-07,4.138653063213445e-07,2.9680410914512474e-07,2.669572233348804e-07,2.9147542139035553e-07
0.0,0.0,0.0,0.0,0.0,0.0,0.0,0.0,0.0,0.0,0.0,0.0,0.0,0.0,0.0,0.0,0.0,0.0,0.0,0.0,0.0,0.0,0.0,0.0,0.0,0.0,0.0,0.0,0.0,0.0,0.0,0.0,0.0,0.0,0.0,0.0,0.0,0.0,0.0,0.0,0.0,0.0,0.0,0.0,0.0,0.0,0.0,0.0,0.0,0.0,0.0,0.0,0.0,0.0,0.0,0.0,0.0,0.0,0.0,0.0,0.0,0.0,0.0,0.0,0.0,0.0,0.0,0.0,0.0,0.0,0.0,0.0,0.0,0.0,0.0,0.0,0.0,0.0,0.0,0.0,0.0,0.0,0.0,0.0,0.0,0.0,0.0,0.0,0.0,0.0,0.0,0.0,0.0,0.0,0.0,0.0,0.0,0.0,0.0,0.0,0.0,0.0,0.0,0.0,0.0,0.0,0.0,0.0,0.0,0.0,0.0,0.0,0.0,0.0,0.0,0.0,0.0,0.0,0.0,0.0,0.0,0.0,0.0,0.0,0.0,0.0,0.0,0.0,0.0,0.0,0.0,0.0,0.0,0.0,0.0,0.0,0.0,0.0,0.0,0.0,0.0,0.0,0.0,0.0
0.0,0.0,0.0,0.0,0.0,0.0,0.0,0.0,0.0,0.0,0.0,0.0,0.0,0.0,0.0,0.0,0.0,0.0,0.0,0.0,0.0,0.0,0.0,0.0,0.0,0.0,0.0,0.0,0.0,0.0,0.0,0.0,0.0,0.0,0.0,0.0,0.0,0.0,0.0,0.0,0.0,0.0,0.0,0.0,0.0,0.0,0.0,0.0,0.0,0.0,0.0,0.0,0.0,0.0,0.0,0.0,0.0,0.0,0.0,0.0,0.0,0.0,0.0,0.0,0.0,0.0,0.0,0.0,0.0,0.0,0.0,0.0,0.0,0.0,0.0,0.0,0.0,0.0,0.0,0.0,0.0,0.0,0.0,0.0,0.0,0.0,0.0,0.0,0.0,0.0,0.0,0.0,0.0,0.0,0.0,0.0,0.0,0.0,0.0,0.0,0.0,0.0,0.0,0.0,0.0,0.0,0.0,0.0,0.0,0.0,0.0,0.0,0.0,0.0,0.0,0.0,0.0,0.0,0.0,0.0,0.0,0.0,0.0,0.0,0.0,0.0,0.0,0.0,0.0,0.0,0.0,0.0,0.0,0.0,0.0,0.0,0.0,0.0,0.0,0.0,0.0,0.0,0.0,0.0
0.0,0.0,0.0,0.0,0.0,0.0,0.0,0.0,0.0,0.0,0.0,0.0,0.0,0.0,0.0,0.0,0.0,0.0,0.0,0.0,0.0,0.0,0.0,0.0,0.0,0.0,0.0,0.0,0.0,0.0,0.0,0.0,0.0,0.0,0.0,0.0,0.0,0.0,0.0,0.0,0.0,0.0,0.0,0.0,0.0,0.0,0.0,0.0,0.0,0.0,0.0,0.0,0.0,0.0,0.0,0.0,0.0,0.0,0.0,0.0,0.0,0.0,0.0,0.0,0.0,0.0,0.0,0.0,0.0,0.0,0.0,0.0,0.0,0.0,0.0,0.0,0.0,0.0,0.0,0.0,0.0,0.0,0.0,0.0,0.0,0.0,0.0,0.0,0.0,0.0,0.0,0.0,0.0,0.0,0.0,0.0,0.0,0.0,0.0,0.0,0.0,0.0,0.0,0.0,0.0,0.0,0.0,0.0,0.0,0.0,0.0,0.0,0.0,0.0,0.0,0.0,0.0,0.0,0.0,0.0,0.0,0.0,0.0,0.0,0.0,0.0,0.0,0.0,0.0,0.0,0.0,0.0,0.0,0.0,0.0,0.0,0.0,0.0,0.0,0.0,0.0,0.0,0.0,0.0
3.2667993160168374e-07,2.926320428422465e-07,5.501619534640861e-07,1.9822350341066356e-06,4.403853849005131e-06,8.894124986522498e-06,2.036349389584768e-05,2.996337644109261e-05,3.863265990699745e-05,4.529109184649661e-05,4.573663897331633e-05,5.823089663275148e-05,2.704848744412889e-07,1.9999206170797517e-07,4.774248835783396e-07,2.232578079401349e-06,5.203780395643595e-06,9.959551728240274e-06,1.347160405350968e-05,-7.061965247604846e-07,-3.689827662001751e-05,-8.695123835337479e-05,-7.543411058397462e-05,2.66301681604148e-05,2.3593972487815155e-07,2.0747168176206099e-07,6.073237901333816e-07,3.1278704607836183e-06,7.400961876555153e-06,1.3529043543904422e-05,3.414145075905054e-06,-7.4521207351635e-05,-0.00028528866128519324,-0.0006119932760400349,-0.0005188986103262408,-7.053989490430859e-05,2.1635996568776872e-07,2.803314388115643e-07,9.029230950505538e-07,4.671365336303476e-06,1.0911602436433615e-05,1.8283775180802863e-05,-3.292552891416388e-05,-0.0003247257565507346,-0.0019527260023958787,-0.010120428724892213,-0.007133768183617197,-0.00048163628686926475,2.100401843150554e-07,3.118417856521938e-07,1.0158142344609609e-06,5.223526157740427e-06,1.2133220694709292e-05,1.972858949385733e-05,-5.124104424023999e-05,-0.00045186686876994806,-0.0028425594520197646,-0.015412403173327578,-0.010955665065244764,-0.0007123639956017846,2.0297586813879024e-07,3.0919525242943413e-07,1.0032219334795801e-06,5.133938903286454e-06,1.1926487490376377e-05,1.956084361563312e-05,-4.6146657488901514e-05,-0.0004186747046030383,-0.002636886969142823,-0.014798479963856755,-0.01052645437236078,-0.0006657910051939976,1.8709955327643184e-07,2.4641550296245955e-07,7.754880276572522e-07,3.943905599022645e-06,9.248623808963991e-06,1.6321686961564184e-05,-8.585433328468355e-06,-0.00016352168428336762,-0.000742218896545479,-0.0023398676288270822,-0.001869734902807086,-0.000230029792789824,1.7324749536190185e-07,1.8492212820999708e-07,5.576133401989842e-07,2.827466319154991e-06,6.697618259722053e-06,1.258640948299632e-05,9.844177664282614e-06,-3.620797905868381e-05,-0.00015502709126271756,-0.00033841423868342837,-0.0002973233381347257,-2.4162771580036642e-05,1.586048116109768e-07,1.2582193920498644e-07,3.520736196111454e-07,1.7858765823697988e-06,4.277174372882988e-06,8.484333528502285e-06,1.419661668839991e-05,9.419871286682297e-06,-7.4997210499918374e-06,-3.359263066350524e-05,-2.912789783882265e-05,3.495666227601779e-05,1.435525460717049e-07,6.728737576089704e-08,1.420930430189865e-07,7.093637834506058e-07,1.7171487259142368e-06,3.571255341232089e-06,8.048167633830904e-06,1.1451355146190692e-05,1.4177272200291937e-05,1.585745916764468e-05,1.6053214619932866e-05,2.451022076023005e-05,1.5186803474744962e-07,6.837132966120535e-08,9.777073369457221e-08,3.779741038952732e-07,8.647872596337092e-07,1.7658613835278228e-06,4.082837938165514e-06,6.083161974045133e-06,7.971172031905535e-06,9.537919318847592e-06,9.76447369889185e-06,1.2267504873018173e-05,1.9158025893554128e-07,1.3881080074209875e-07,1.6520195335305317e-07,3.2163568762839483e-07,5.343532242358207e-07,8.864926692601677e-07,1.736512420204467e-06,2.4540088765582923e-06,3.129913615164268e-06,3.7391704600494673e-06,3.938441156897254e-06,4.472853505518799e-06
0.0,0.0,0.0,0.0,0.0,0.0,0.0,0.0,0.0,0.0,0.0,0.0,0.0,0.0,0.0,0.0,0.0,0.0,0.0,0.0,0.0,0.0,0.0,0.0,0.0,0.0,0.0,0.0,0.0,0.0,0.0,0.0,0.0,0.0,0.0,0.0,0.0,0.0,0.0,0.0,0.0,0.0,0.0,0.0,0.0,0.0,0.0,0.0,0.0,0.0,0.0,0.0,0.0,0.0,0.0,0.0,0.0,0.0,0.0,0.0,0.0,0.0,0.0,0.0,0.0,0.0,0.0,0.0,0.0,0.0,0.0,0.0,0.0,0.0,0.0,0.0,0.0,0.0,0.0,0.0,0.0,0.0,0.0,0.0,0.0,0.0,0.0,0.0,0.0,0.0,0.0,0.0,0.0,0.0,0.0,0.0,0.0,0.0,0.0,0.0,0.0,0.0,0.0,0.0,0.0,0.0,0.0,0.0,0.0,0.0,0.0,0.0,0.0,0.0,0.0,0.0,0.0,0.0,0.0,0.0,0.0,0.0,0.0,0.0,0.0,0.0,0.0,0.0,0.0,0.0,0.0,0.0,0.0,0.0,0.0,0.0,0.0,0.0,0.0,0.0,0.0,0.0,0.0,0.0
0.0,0.0,0.0,0.0,0.0,0.0,0.0,0.0,0.0,0.0,0.0,0.0,0.0,0.0,0.0,0.0,0.0,0.0,0.0,0.0,0.0,0.0,0.0,0.0,0.0,0.0,0.0,0.0,0.0,0.0,0.0,0.0,0.0,0.0,0.0,0.0,0.0,0.0,0.0,0.0,0.0,0.0,0.0,0.0,0.0,0.0,0.0,0.0,0.0,0.0,0.0,0.0,0.0,0.0,0.0,0.0,0.0,0.0,0.0,0.0,0.0,0.0,0.0,0.0,0.0,0.0,0.0,0.0,0.0,0.0,0.0,0.0,0.0,0.0,0.0,0.0,0.0,0.0,0.0,0.0,0.0,0.0,0.0,0.0,0.0,0.0,0.0,0.0,0.0,0.0,0.0,0.0,0.0,0.0,0.0,0.0,0.0,0.0,0.0,0.0,0.0,0.0,0.0,0.0,0.0,0.0,0.0,0.0,0.0,0.0,0.0,0.0,0.0,0.0,0.0,0.0,0.0,0.0,0.0,0.0,0.0,0.0,0.0,0.0,0.0,0.0,0.0,0.0,0.0,0.0,0.0,0.0,0.0,0.0,0.0,0.0,0.0,0.0,0.0,0.0,0.0,0.0,0.0,0.0
0.0,0.0,0.0,0.0,0.0,0.0,0.0,0.0,0.0,0.0,0.0,0.0,0.0,0.0,0.0,0.0,0.0,0.0,0.0,0.0,0.0,0.0,0.0,0.0,0.0,0.0,0.0,0.0,0.0,0.0,0.0,0.0,0.0,0.0,0.0,0.0,0.0,0.0,0.0,0.0,0.0,0.0,0.0,0.0,0.0,0.0,0.0,0.0,0.0,0.0,0.0,0.0,0.0,0.0,0.0,0.0,0.0,0.0,0.0,0.0,0.0,0.0,0.0,0.0,0.0,0.0,0.0,0.0,0.0,0.0,0.0,0.0,0.0,0.0,0.0,0.0,0.0,0.0,0.0,0.0,0.0,0.0,0.0,0.0,0.0,0.0,0.0,0.0,0.0,0.0,0.0,0.0,0.0,0.0,0.0,0.0,0.0,0.0,0.0,0.0,0.0,0.0,0.0,0.0,0.0,0.0,0.0,0.0,0.0,0.0,0.0,0.0,0.0,0.0,0.0,0.0,0.0,0.0,0.0,0.0,0.0,0.0,0.0,0.0,0.0,0.0,0.0,0.0,0.0,0.0,0.0,0.0,0.0,0.0,0.0,0.0,0.0,0.0,0.0,0.0,0.0,0.0,0.0,0.0
0.0,0.0,0.0,0.0,0.0,0.0,0.0,0.0,0.0,0.0,0.0,0.0,0.0,0.0,0.0,0.0,0.0,0.0,0.0,0.0,0.0,0.0,0.0,0.0,0.0,0.0,0.0,0.0,0.0,0.0,0.0,0.0,0.0,0.0,0.0,0.0,0.0,0.0,0.0,0.0,0.0,0.0,0.0,0.0,0.0,0.0,0.0,0.0,0.0,0.0,0.0,0.0,0.0,0.0,0.0,0.0,0.0,0.0,0.0,0.0,0.0,0.0,0.0,0.0,0.0,0.0,0.0,0.0,0.0,0.0,0.0,0.0,0.0,0.0,0.0,0.0,0.0,0.0,0.0,0.0,0.0,0.0,0.0,0.0,0.0,0.0,0.0,0.0,0.0,0.0,0.0,0.0,0.0,0.0,0.0,0.0,0.0,0.0,0.0,0.0,0.0,0.0,0.0,0.0,0.0,0.0,0.0,0.0,0.0,0.0,0.0,0.0,0.0,0.0,0.0,0.0,0.0,0.0,0.0,0.0,0.0,0.0,0.0,0.0,0.0,0.0,0.0,0.0,0.0,0.0,0.0,0.0,0.0,0.0,0.0,0.0,0.0,0.0,0.0,0.0,0.0,0.0,0.0,0.0
0.0,0.0,0.0,0.0,0.0,0.0,0.0,0.0,0.0,0.0,0.0,0.0,0.0,0.0,0.0,0.0,0.0,0.0,0.0,0.0,0.0,0.0,0.0,0.0,0.0,0.0,0.0,0.0,0.0,0.0,0.0,0.0,0.0,0.0,0.0,0.0,0.0,0.0,0.0,0.0,0.0,0.0,0.0,0.0,0.0,0.0,0.0,0.0,0.0,0.0,0.0,0.0,0.0,0.0,0.0,0.0,0.0,0.0,0.0,0.0,0.0,0.0,0.0,0.0,0.0,0.0,0.0,0.0,0.0,0.0,0.0,0.0,0.0,0.0,0.0,0.0,0.0,0.0,0.0,0.0,0.0,0.0,0.0,0.0,0.0,0.0,0.0,0.0,0.0,0.0,0.0,0.0,0.0,0.0,0.0,0.0,0.0,0.0,0.0,0.0,0.0,0.0,0.0,0.0,0.0,0.0,0.0,0.0,0.0,0.0,0.0,0.0,0.0,0.0,0.0,0.0,0.0,0.0,0.0,0.0,0.0,0.0,0.0,0.0,0.0,0.0,0.0,0.0,0.0,0.0,0.0,0.0,0.0,0.0,0.0,0.0,0.0,0.0,0.0,0.0,0.0,0.0,0.0,0.0
1.2636441390357022e-07,9.386033862171298e-08,1.0083778198584107e-07,1.4584570682247681e-07,1.8903425084718378e-07,2.429280699970936e-07,3.4268163222278146e-07,4.128924551819922e-07,4.732890525520824e-07,5.392551610186268e-07,5.972252095983096e-07,6.756695175063696e-07,9.941747771139365e-08,3.968802532779882e-08,3.664061746116028e-08,8.954339720901185e-08,1.7689558454665958e-07,3.341026194704913e-07,7.356747430763992e-07,1.0838765749651945e-06,1.4150128614885156e-06,1.7130262805131228e-06,1.817464598362523e-06,2.168740585335941e-06,1.005516805081025e-07,3.337511191021144e-08,3.923833969961978e-08,1.6502417891065073e-07,3.8900059644528103e-07,8.089542189192561e-07,1.9110816509209767e-06,2.8842257421495583e-06,3.820661898164206e-06,4.633160028388042e-06,4.802107725639292e-06,5.789983599207843e-06,1.2537989845461325e-07,5.954248408152491e-08,1.1914350341175066e-07,5.709661554287954e-07,1.370569712899012e-06,2.8520060331587705e-06,6.5530047266853904e-06,9.568911305714302e-06,1.2226392090886766e-05,1.41729197279326e-05,1.4362181562381207e-05,1.9973699037756882e-05,1.4681737022845752e-07,9.40664323706235e-08,2.293972887587696e-07,1.1259929951394292e-06,2.6989352411968174e-06,5.510039995032902e-06,1.1456994277346113e-05,1.446828595119902e-05,1.4933706864456027e-05,1.2863889379538742e-05,1.3368081382419863e-05,3.383116460403834e-05,1.6965603143737878e-07,1.4260113870095292e-07,3.927900082064231e-07,1.959296892842622e-06,4.670395463949166e-06,9.185454784861565e-06,1.4340107154647151e-05,5.965405793156333e-06,-1.9134911409450498e-05,-5.696644441979395e-05,-5.0601283579694854e-05,3.11118164890579e-05,2.0568922949596282e-07,2.3149019833094283e-07,7.031744408970579e-07,3.5681664075420263e-06,8.400846202521146e-06,1.5164353763347322e-05,-6.589973461730559e-07,-0.0001104591724007418,-0.0004647939997735424,-0.001152417975165017,-0.0009670409512540158,-0.00014696605621206037,2.3110345339160856e-07,2.8354981418821504e-07,8.88312786131981e-07,4.5516627301429005e-06,1.0639014277931845e-05,1.8085509357260472e-05,-2.6262369787208355e-05,-0.0002827735308177051,-0.001567651411598298,-0.008219631079844742,-0.006093064325151127,-0.00044257840711174536,2.5886456810453215e-07,3.1308646048611224e-07,9.898628857899895e-07,5.113522294504394e-06,1.1900981288881835e-05,1.9408025716528548e-05,-4.9041431097873294e-05,-0.00043480463814400704,-0.002740231930507555,-0.0151612545110552,-0.010788421139285529,-0.0006972381186394996,3.1293494898862555e-07,3.18425877702098e-07,9.54982063083886e-07,4.8785272031876115e-06,1.1289882327233563e-05,1.8359797755744034e-05,-4.344122244527844e-05,-0.00038571948900554816,-0.0023874596108315847,-0.012969705076366272,-0.009119268382739413,-0.0005835526850489292,3.661084698638748e-07,3.4781706691751747e-07,9.320041059875058e-07,4.432437182108511e-06,1.0069444815155475e-05,1.6895037035116625e-05,-1.7773341074914386e-05,-0.00021086025970923342,-0.0010440041922417877,-0.0035138857616635265,-0.0025514315902017454,-0.0002794400141549216,4.1516295171952847e-07,4.759692685032017e-07,1.1632685419638812e-06,5.045429624181764e-06,1.1805312141859245e-05,2.3860424081658433e-05,4.474038017481747e-05,3.742804751207234e-05,-7.841236557934985e-06,-8.128887396792663e-05,-5.990501293290983e-05,0.00010830983863325852
2.310238876731422e-07,1.8469865469199195e-07,1.998654422373339e-07,2.772352103641636e-07,3.435039006871504e-07,4.151778571405585e-07,5.262895449236446e-07,5.990550944559521e-07,6.693814805092043e-07,7.766494297166639e-07,8.569420083862658e-07,8.730340706652685e-07,1.8028539217861164e-07,8.248351346760816e-08,7.427871495306468e-08,1.1485255404444616e-07,1.5690852906648516e-07,2.1069023974693224e-07,3.1530235074759226e-07,3.937367193041995e-07,4.659706330435875e-07,5.515138433086809e-07,6.25922039829283e-07,7.432556348098132e-07,1.927574623094629e-07,7.29615345211801e-08,6.421026593992174e-08,1.2474906845698908e-07,2.0096066721674324e-07,3.1765323579188514e-07,5.847882747582e-07,8.043225502629318e-07,1.0100929106233588e-06,1.2147446573463296e-06,1.3385570626765274e-06,1.6498973930498863e-06,2.636094282925563e-07,1.1199047411878667e-07,1.246089883483829e-07,3.1935494419363247e-07,6.057603257278439e-07,1.0968386116481433e-06,2.3149460554590897e-06,3.3637874081791237e-06,4.3685432158108955e-06,5.282214826360097e-06,5.572028446995031e-06,6.83649473416968e-06,3.213730121036517e-07,1.5211605843931248e-07,2.0119983520882286e-07,6.092080079350362e-07,1.247328344347559e-06,2.373795089952595e-06,5.175228228270323e-06,7.544716725096348e-06,9.758256564506877e-06,1.1623324612076909e-05,1.202773048274426e-05,1.5578879959223827e-05,3.782660958866997e-07,2.0264864530882656e-07,3.195705436996353e-07,1.114455888378568e-06,2.4016444873613673e-06,4.668580969728561e-06,9.906151376912182e-06,1.3662135756065627e-05,1.6441486659827028e-05,1.7981668753973313e-05,1.8509727367396926e-05,2.993307310898335e-05,4.480832805259956e-07,2.9919951701076635e-07,5.973997219715935e-07,2.415297191860382e-06,5.406265254820125e-06,1.0308342456833389e-05,1.622510503217713e-05,8.402593759036514e-06,-1.6207453330927426e-05,-5.346506198719095e-05,-4.6489518931517286e-05,3.716052267135592e-05,4.760526453005378e-07,3.6962464066743925e-07,8.349666851087371e-07,3.602773124662525e-06,8.140726972055667e-06,1.4908373631528391e-05,1.0871725443220232e-05,-4.686182898232313e-05,-0.00020363440247849287,-0.0004554582756871533,-0.00039819330468657916,-3.9546888246034265e-05,4.865741756446966e-07,4.3002474499981957e-07,1.0680934433463745e-06,4.834713227649275e-06,1.0962189026307886e-05,1.9091387062616493e-05,-8.504592530331841e-06,-0.00018574852037368578,-0.0009082002943912729,-0.003467426569085259,-0.0027105872131797572,-0.00026938203758331827,4.843079886379208e-07,4.785200454955068e-07,1.2975168624479462e-06,6.132766405598801e-06,1.3876817197999646e-05,2.2622146416359696e-05,-4.5414788790700904e-05,-0.0004342674777808878,-0.0027460002945960175,-0.015174420419949276,-0.010798159520665101,-0.0006868347842896288,4.950626013112074e-07,5.006453653211211e-07,1.3668787489399258e-06,6.43187475937175e-06,1.4393005359191245e-05,2.2759991327249208e-05,-5.318137861762419e-05,-0.00046320885993215717,-0.002824841661791283,-0.0152619234993847,-0.010846248491043094,-0.0007101606129513156,4.781074203724188e-07,5.124554285365909e-07,1.420508669787355e-06,6.9161141024216245e-06,1.624114425437332e-05,2.962213320801553e-05,1.5986931813812116e-06,-0.00021585987203957198,-0.001122531347937972,-0.003698189777336609,-0.0027114883545025005,-0.00024791929547005953
0.0,0.0,0.0,0.0,0.0,0.0,0.0,0.0,0.0,0.0,0.0,0.0,0.0,0.0,0.0,0.0,0.0,0.0,0.0,0.0,0.0,0.0,0.0,0.0,0.0,0.0,0.0,0.0,0.0,0.0,0.0,0.0,0.0,0.0,0.0,0.0,0.0,0.0,0.0,0.0,0.0,0.0,0.0,0.0,0.0,0.0,0.0,0.0,0.0,0.0,0.0,0.0,0.0,0.0,0.0,0.0,0.0,0.0,0.0,0.0,0.0,0.0,0.0,0.0,0.0,0.0,0.0,0.0,0.0,0.0,0.0,0.0,0.0,0.0,0.0,0.0,0.0,0.0,0.0,0.0,0.0,0.0,0.0,0.0,0.0,0.0,0.0,0.0,0.0,0.0,0.0,0.0,0.0,0.0,0.0,0.0,0.0,0.0,0.0,0.0,0.0,0.0,0.0,0.0,0.0,0.0,0.0,0.0,0.0,0.0,0.0,0.0,0.0,0.0,0.0,0.0,0.0,0.0,0.0,0.0,0.0,0.0,0.0,0.0,0.0,0.0,0.0,0.0,0.0,0.0,0.0,0.0,0.0,0.0,0.0,0.0,0.0,0.0,0.0,0.0,0.0,0.0,0.0,0.0
0.0,0.0,0.0,0.0,0.0,0.0,0.0,0.0,0.0,0.0,0.0,0.0,0.0,0.0,0.0,0.0,0.0,0.0,0.0,0.0,0.0,0.0,0.0,0.0,0.0,0.0,0.0,0.0,0.0,0.0,0.0,0.0,0.0,0.0,0.0,0.0,0.0,0.0,0.0,0.0,0.0,0.0,0.0,0.0,0.0,0.0,0.0,0.0,0.0,0.0,0.0,0.0,0.0,0.0,0.0,0.0,0.0,0.0,0.0,0.0,0.0,0.0,0.0,0.0,0.0,0.0,0.0,0.0,0.0,0.0,0.0,0.0,0.0,0.0,0.0,0.0,0.0,0.0,0.0,0.0,0.0,0.0,0.0,0.0,0.0,0.0,0.0,0.0,0.0,0.0,0.0,0.0,0.0,0.0,0.0,0.0,0.0,0.0,0.0,0.0,0.0,0.0,0.0,0.0,0.0,0.0,0.0,0.0,0.0,0.0,0.0,0.0,0.0,0.0,0.0,0.0,0.0,0.0,0.0,0.0,0.0,0.0,0.0,0.0,0.0,0.0,0.0,0.0,0.0,0.0,0.0,0.0,0.0,0.0,0.0,0.0,0.0,0.0,0.0,0.0,0.0,0.0,0.0,0.0
0.0,0.0,0.0,0.0,0.0,0.0,0.0,0.0,0.0,0.0,0.0,0.0,0.0,0.0,0.0,0.0,0.0,0.0,0.0,0.0,0.0,0.0,0.0,0.0,0.0,0.0,0.0,0.0,0.0,0.0,0.0,0.0,0.0,0.0,0.0,0.0,0.0,0.0,0.0,0.0,0.0,0.0,0.0,0.0,0.0,0.0,0.0,0.0,0.0,0.0,0.0,0.0,0.0,0.0,0.0,0.0,0.0,0.0,0.0,0.0,0.0,0.0,0.0,0.0,0.0,0.0,0.0,0.0,0.0,0.0,0.0,0.0,0.0,0.0,0.0,0.0,0.0,0.0,0.0,0.0,0.0,0.0,0.0,0.0,0.0,0.0,0.0,0.0,0.0,0.0,0.0,0.0,0.0,0.0,0.0,0.0,0.0,0.0,0.0,0.0,0.0,0.0,0.0,0.0,0.0,0.0,0.0,0.0,0.0,0.0,0.0,0.0,0.0,0.0,0.0,0.0,0.0,0.0,0.0,0.0,0.0,0.0,0.0,0.0,0.0,0.0,0.0,0.0,0.0,0.0,0.0,0.0,0.0,0.0,0.0,0.0,0.0,0.0,0.0,0.0,0.0,0.0,0.0,0.0
6.262071626984608e-07,5.156091619341006e-07,5.4115638070196e-07,7.012153946114825e-07,8.350603648949075e-07,9.738512828839742e-07,1.1777922503330491e-06,1.3069430022492173e-06,1.4322345971772195e-06,1.6334841236146982e-06,1.8032018972008764e-06,1.9188883686660717e-06,4.7656188280238936e-07,2.3053164858489585e-07,2.075952101960049e-07,2.965826624335651e-07,3.757621766696606e-07,4.5676328719519613e-07,5.694350829382755e-07,6.294109742867313e-07,6.735652662000422e-07,7.470035649668691e-07,8.898983519364868e-07,1.2367109742065085e-06,5.291100987884234e-07,2.1568518946241825e-07,1.925247525071122e-07,3.210804571315859e-07,4.4224563250497316e-07,5.765153221386636e-07,7.755845733027185e-07,8.759501668770211e-07,9.281327055977257e-07,9.651480456198822e-07,1.1389889327824201e-06,1.792598924560025e-06,7.767743371516061e-07,3.577366642182458e-07,3.8440732997287445e-07,7.606616509665034e-07,1.159821853631285e-06,1.6674267434862694e-06,2.519851915119893e-06,2.9817454519179317e-06,3.207221593155353e-06,3.1221331739380145e-06,3.2738555517364896e-06,4.740052205131826e-06,9.80286266119636e-07,5.053747135415143e-07,6.23957447514726e-07,1.4031485089005366e-06,2.295098597020759e-06,3.499554481268665e-06,5.619360001997268e-06,6.8020291308776674e-06,7.380271713654603e-06,6.987464166914902e-06,6.839624282295999e-06,9.275142001122014e-06,1.1815284694989664e-06,7.032647474912204e-07,1.01208678178727e-06,2.5808460012022726e-06,4.465506170718247e-06,7.061381884698218e-06,1.1592465416718528e-05,1.406040546848598e-05,1.5229077638563885e-05,1.4218086457268257e-05,1.3404303345504686e-05,1.7924323686682963e-05,1.4105285297671373e-06,1.1358534244723674e-06,2.0513324176304296e-06,6.027134009145871e-06,1.0768863525182186e-05,1.6498012801849858e-05,2.208625405266817e-05,2.151477233292913e-05,1.9532556226678468e-05,1.9942935958694486e-05,2.3258839631323148e-05,4.289007458604215e-05,1.461610300474783e-06,1.519916023508258e-06,3.1220119506296554e-06,9.732801144803134e-06,1.708021899989066e-05,2.2853148809177508e-05,5.2522868457511845e-06,-3.1431448587307035e-05,-6.268424299644854e-05,-4.189670693118316e-05,-1.2499153750821678e-06,6.62900990032471e-05,1.3989854354930692e-06,1.9331950638385325e-06,4.412599300454128e-06,1.4315130628891822e-05,2.4062620347647777e-05,2.3361293154258446e-05,-9.896720148123193e-05,-0.00033586328344276453,-0.0005561898337379317,-0.0003961869042500942,-0.00014028640318031207,8.737357115677748e-05,1.1162165941615676e-06,2.365188558659506e-06,6.085797388359749e-06,2.045982686261557e-05,3.134252566402137e-05,5.173470225600037e-06,-0.0005307656393387937,-0.0035021113570966825,-0.00964747673860094,-0.004758403406632073,-0.000745093344368552,9.591500366573367e-05,9.054045630912204e-07,2.323020715253615e-06,6.308918876919735e-06,2.1163786565609023e-05,2.896212859784818e-05,-1.9962763875033102e-05,-0.0008313777409403375,-0.005517656494327922,-0.014948921669855827,-0.007217071166354474,-0.0011443619526550202,7.855467781780192e-05,5.76830236749196e-07,1.5745635421059016e-06,4.779861434832772e-06,1.648809783663038e-05,1.7002446974482597e-05,-5.545021548040169e-05,-0.000985160599117885,-0.005357010248845006,-0.013497278220909178,-0.0066252364523091,-0.001278077477132691,4.291142304186581e-05
0.0,0.0,0.0,0.0,0.0,0.0,0.0,0.0,0.0,0.0,0.0,0.0,0.0,0.0,0.0,0.0,0.0,0.0,0.0,0.0,0.0,0.0,0.0,0.0,0.0,0.0,0.0,0.0,0.0,0.0,0.0,0.0,0.0,0.0,0.0,0.0,0.0,0.0,0.0,0.0,0.0,0.0,0.0,0.0,0.0,0.0,0.0,0.0,0.0,0.0,0.0,0.0,0.0,0.0,0.0,0.0,0.0,0.0,0.0,0.0,0.0,0.0,0.0,0.0,0.0,0.0,0.0,0.0,0.0,0.0,0.0,0.0,0.0,0.0,0.0,0.0,0.0,0.0,0.0,0.0,0.0,0.0,0.0,0.0,0.0,0.0,0.0,0.0,0.0,0.0,0.0,0.0,0.0,0.0,0.0,0.0,0.0,0.0,0.0,0.0,0.0,0.0,0.0,0.0,0.0,0.0,0.0,0.0,0.0,0.0,0.0,0.0,0.0,0.0,0.0,0.0,0.0,0.0,0.0,0.0,0.0,0.0,0.0,0.0,0.0,0.0,0.0,0.0,0.0,0.0,0.0,0.0,0.0,0.0,0.0,0.0,0.0,0.0,0.0,0.0,0.0,0.0,0.0,0.0
0.0,0.0,0.0,0.0,0.0,0.0,0.0,0.0,0.0,0.0,0.0,0.0,0.0,0.0,0.0,0.0,0.0,0.0,0.0,0.0,0.0,0.0,0.0,0.0,0.0,0.0,0.0,0.0,0.0,0.0,0.0,0.0,0.0,0.0,0.0,0.0,0.0,0.0,0.0,0.0,0.0,0.0,0.0,0.0,0.0,0.0,0.0,0.0,0.0,0.0,0.0,0.0,0.0,0.0,0.0,0.0,0.0,0.0,0.0,0.0,0.0,0.0,0.0,0.0,0.0,0.0,0.0,0.0,0.0,0.0,0.0,0.0,0.0,0.0,0.0,0.0,0.0,0.0,0.0,0.0,0.0,0.0,0.0,0.0,0.0,0.0,0.0,0.0,0.0,0.0,0.0,0.0,0.0,0.0,0.0,0.0,0.0,0.0,0.0,0.0,0.0,0.0,0.0,0.0,0.0,0.0,0.0,0.0,0.0,0.0,0.0,0.0,0.0,0.0,0.0,0.0,0.0,0.0,0.0,0.0,0.0,0.0,0.0,0.0,0.0,0.0,0.0,0.0,0.0,0.0,0.0,0.0,0.0,0.0,0.0,0.0,0.0,0.0,0.0,0.0,0.0,0.0,0.0,0.0
0.0,0.0,0.0,0.0,0.0,0.0,0.0,0.0,0.0,0.0,0.0,0.0,0.0,0.0,0.0,0.0,0.0,0.0,0.0,0.0,0.0,0.0,0.0,0.0,0.0,0.0,0.0,0.0,0.0,0.0,0.0,0.0,0.0,0.0,0.0,0.0,0.0,0.0,0.0,0.0,0.0,0.0,0.0,0.0,0.0,0.0,0.0,0.0,0.0,0.0,0.0,0.0,0.0,0.0,0.0,0.0,0.0,0.0,0.0,0.0,0.0,0.0,0.0,0.0,0.0,0.0,0.0,0.0,0.0,0.0,0.0,0.0,0.0,0.0,0.0,0.0,0.0,0.0,0.0,0.0,0.0,0.0,0.0,0.0,0.0,0.0,0.0,0.0,0.0,0.0,0.0,0.0,0.0,0.0,0.0,0.0,0.0,0.0,0.0,0.0,0.0,0.0,0.0,0.0,0.0,0.0,0.0,0.0,0.0,0.0,0.0,0.0,0.0,0.0,0.0,0.0,0.0,0.0,0.0,0.0,0.0,0.0,0.0,0.0,0.0,0.0,0.0,0.0,0.0,0.0,0.0,0.0,0.0,0.0,0.0,0.0,0.0,0.0,0.0,0.0,0.0,0.0,0.0,0.0
0.0,0.0,0.0,0.0,0.0,0.0,0.0,0.0,0.0,0.0,0.0,0.0,0.0,0.0,0.0,0.0,0.0,0.0,0.0,0.0,0.0,0.0,0.0,0.0,0.0,0.0,0.0,0.0,0.0,0.0,0.0,0.0,0.0,0.0,0.0,0.0,0.0,0.0,0.0,0.0,0.0,0.0,0.0,0.0,0.0,0.0,0.0,0.0,0.0,0.0,0.0,0.0,0.0,0.0,0.0,0.0,0.0,0.0,0.0,0.0,0.0,0.0,0.0,0.0,0.0,0.0,0.0,0.0,0.0,0.0,0.0,0.0,0.0,0.0,0.0,0.0,0.0,0.0,0.0,0.0,0.0,0.0,0.0,0.0,0.0,0.0,0.0,0.0,0.0,0.0,0.0,0.0,0.0,0.0,0.0,0.0,0.0,0.0,0.0,0.0,0.0,0.0,0.0,0.0,0.0,0.0,0.0,0.0,0.0,0.0,0.0,0.0,0.0,0.0,0.0,0.0,0.0,0.0,0.0,0.0,0.0,0.0,0.0,0.0,0.0,0.0,0.0,0.0,0.0,0.0,0.0,0.0,0.0,0.0,0.0,0.0,0.0,0.0,0.0,0.0,0.0,0.0,0.0,0.0
0.0,0.0,0.0,0.0,0.0,0.0,0.0,0.0,0.0,0.0,0.0,0.0,0.0,0.0,0.0,0.0,0.0,0.0,0.0,0.0,0.0,0.0,0.0,0.0,0.0,0.0,0.0,0.0,0.0,0.0,0.0,0.0,0.0,0.0,0.0,0.0,0.0,0.0,0.0,0.0,0.0,0.0,0.0,0.0,0.0,0.0,0.0,0.0,0.0,0.0,0.0,0.0,0.0,0.0,0.0,0.0,0.0,0.0,0.0,0.0,0.0,0.0,0.0,0.0,0.0,0.0,0.0,0.0,0.0,0.0,0.0,0.0,0.0,0.0,0.0,0.0,0.0,0.0,0.0,0.0,0.0,0.0,0.0,0.0,0.0,0.0,0.0,0.0,0.0,0.0,0.0,0.0,0.0,0.0,0.0,0.0,0.0,0.0,0.0,0.0,0.0,0.0,0.0,0.0,0.0,0.0,0.0,0.0,0.0,0.0,0.0,0.0,0.0,0.0,0.0,0.0,0.0,0.0,0.0,0.0,0.0,0.0,0.0,0.0,0.0,0.0,0.0,0.0,0.0,0.0,0.0,0.0,0.0,0.0,0.0,0.0,0.0,0.0,0.0,0.0,0.0,0.0,0.0,0.0
0.0,0.0,0.0,0.0,0.0,0.0,0.0,0.0,0.0,0.0,0.0,0.0,0.0,0.0,0.0,0.0,0.0,0.0,0.0,0.0,0.0,0.0,0.0,0.0,0.0,0.0,0.0,0.0,0.0,0.0,0.0,0.0,0.0,0.0,0.0,0.0,0.0,0.0,0.0,0.0,0.0,0.0,0.0,0.0,0.0,0.0,0.0,0.0,0.0,0.0,0.0,0.0,0.0,0.0,0.0,0.0,0.0,0.0,0.0,0.0,0.0,0.0,0.0,0.0,0.0,0.0,0.0,0.0,0.0,0.0,0.0,0.0,0.0,0.0,0.0,0.0,0.0,0.0,0.0,0.0,0.0,0.0,0.0,0.0,0.0,0.0,0.0,0.0,0.0,0.0,0.0,0.0,0.0,0.0,0.0,0.0,0.0,0.0,0.0,0.0,0.0,0.0,0.0,0.0,0.0,0.0,0.0,0.0,0.0,0.0,0.0,0.0,0.0,0.0,0.0,0.0,0.0,0.0,0.0,0.0,0.0,0.0,0.0,0.0,0.0,0.0,0.0,0.0,0.0,0.0,0.0,0.0,0.0,0.0,0.0,0.0,0.0,0.0,0.0,0.0,0.0,0.0,0.0,0.0
0.0,0.0,0.0,0.0,0.0,0.0,0.0,0.0,0.0,0.0,0.0,0.0,0.0,0.0,0.0,0.0,0.0,0.0,0.0,0.0,0.0,0.0,0.0,0.0,0.0,0.0,0.0,0.0,0.0,0.0,0.0,0.0,0.0,0.0,0.0,0.0,0.0,0.0,0.0,0.0,0.0,0.0,0.0,0.0,0.0,0.0,0.0,0.0,0.0,0.0,0.0,0.0,0.0,0.0,0.0,0.0,0.0,0.0,0.0,0.0,0.0,0.0,0.0,0.0,0.0,0.0,0.0,0.0,0.0,0.0,0.0,0.0,0.0,0.0,0.0,0.0,0.0,0.0,0.0,0.0,0.0,0.0,0.0,0.0,0.0,0.0,0.0,0.0,0.0,0.0,0.0,0.0,0.0,0.0,0.0,0.0,0.0,0.0,0.0,0.0,0.0,0.0,0.0,0.0,0.0,0.0,0.0,0.0,0.0,0.0,0.0,0.0,0.0,0.0,0.0,0.0,0.0,0.0,0.0,0.0,0.0,0.0,0.0,0.0,0.0,0.0,0.0,0.0,0.0,0.0,0.0,0.0,0.0,0.0,0.0,0.0,0.0,0.0,0.0,0.0,0.0,0.0,0.0,0.0
0.0,0.0,0.0,0.0,0.0,0.0,0.0,0.0,0.0,0.0,0.0,0.0,0.0,0.0,0.0,0.0,0.0,0.0,0.0,0.0,0.0,0.0,0.0,0.0,0.0,0.0,0.0,0.0,0.0,0.0,0.0,0.0,0.0,0.0,0.0,0.0,0.0,0.0,0.0,0.0,0.0,0.0,0.0,0.0,0.0,0.0,0.0,0.0,0.0,0.0,0.0,0.0,0.0,0.0,0.0,0.0,0.0,0.0,0.0,0.0,0.0,0.0,0.0,0.0,0.0,0.0,0.0,0.0,0.0,0.0,0.0,0.0,0.0,0.0,0.0,0.0,0.0,0.0,0.0,0.0,0.0,0.0,0.0,0.0,0.0,0.0,0.0,0.0,0.0,0.0,0.0,0.0,0.0,0.0,0.0,0.0,0.0,0.0,0.0,0.0,0.0,0.0,0.0,0.0,0.0,0.0,0.0,0.0,0.0,0.0,0.0,0.0,0.0,0.0,0.0,0.0,0.0,0.0,0.0,0.0,0.0,0.0,0.0,0.0,0.0,0.0,0.0,0.0,0.0,0.0,0.0,0.0,0.0,0.0,0.0,0.0,0.0,0.0,0.0,0.0,0.0,0.0,0.0,0.0
0.0,0.0,0.0,0.0,0.0,0.0,0.0,0.0,0.0,0.0,0.0,0.0,0.0,0.0,0.0,0.0,0.0,0.0,0.0,0.0,0.0,0.0,0.0,0.0,0.0,0.0,0.0,0.0,0.0,0.0,0.0,0.0,0.0,0.0,0.0,0.0,0.0,0.0,0.0,0.0,0.0,0.0,0.0,0.0,0.0,0.0,0.0,0.0,0.0,0.0,0.0,0.0,0.0,0.0,0.0,0.0,0.0,0.0,0.0,0.0,0.0,0.0,0.0,0.0,0.0,0.0,0.0,0.0,0.0,0.0,0.0,0.0,0.0,0.0,0.0,0.0,0.0,0.0,0.0,0.0,0.0,0.0,0.0,0.0,0.0,0.0,0.0,0.0,0.0,0.0,0.0,0.0,0.0,0.0,0.0,0.0,0.0,0.0,0.0,0.0,0.0,0.0,0.0,0.0,0.0,0.0,0.0,0.0,0.0,0.0,0.0,0.0,0.0,0.0,0.0,0.0,0.0,0.0,0.0,0.0,0.0,0.0,0.0,0.0,0.0,0.0,0.0,0.0,0.0,0.0,0.0,0.0,0.0,0.0,0.0,0.0,0.0,0.0,0.0,0.0,0.0,0.0,0.0,0.0
0.0,0.0,0.0,0.0,0.0,0.0,0.0,0.0,0.0,0.0,0.0,0.0,0.0,0.0,0.0,0.0,0.0,0.0,0.0,0.0,0.0,0.0,0.0,0.0,0.0,0.0,0.0,0.0,0.0,0.0,0.0,0.0,0.0,0.0,0.0,0.0,0.0,0.0,0.0,0.0,0.0,0.0,0.0,0.0,0.0,0.0,0.0,0.0,0.0,0.0,0.0,0.0,0.0,0.0,0.0,0.0,0.0,0.0,0.0,0.0,0.0,0.0,0.0,0.0,0.0,0.0,0.0,0.0,0.0,0.0,0.0,0.0,0.0,0.0,0.0,0.0,0.0,0.0,0.0,0.0,0.0,0.0,0.0,0.0,0.0,0.0,0.0,0.0,0.0,0.0,0.0,0.0,0.0,0.0,0.0,0.0,0.0,0.0,0.0,0.0,0.0,0.0,0.0,0.0,0.0,0.0,0.0,0.0,0.0,0.0,0.0,0.0,0.0,0.0,0.0,0.0,0.0,0.0,0.0,0.0,0.0,0.0,0.0,0.0,0.0,0.0,0.0,0.0,0.0,0.0,0.0,0.0,0.0,0.0,0.0,0.0,0.0,0.0,0.0,0.0,0.0,0.0,0.0,0.0
0.0,0.0,0.0,0.0,0.0,0.0,0.0,0.0,0.0,0.0,0.0,0.0,0.0,0.0,0.0,0.0,0.0,0.0,0.0,0.0,0.0,0.0,0.0,0.0,0.0,0.0,0.0,0.0,0.0,0.0,0.0,0.0,0.0,0.0,0.0,0.0,0.0,0.0,0.0,0.0,0.0,0.0,0.0,0.0,0.0,0.0,0.0,0.0,0.0,0.0,0.0,0.0,0.0,0.0,0.0,0.0,0.0,0.0,0.0,0.0,0.0,0.0,0.0,0.0,0.0,0.0,0.0,0.0,0.0,0.0,0.0,0.0,0.0,0.0,0.0,0.0,0.0,0.0,0.0,0.0,0.0,0.0,0.0,0.0,0.0,0.0,0.0,0.0,0.0,0.0,0.0,0.0,0.0,0.0,0.0,0.0,0.0,0.0,0.0,0.0,0.0,0.0,0.0,0.0,0.0,0.0,0.0,0.0,0.0,0.0,0.0,0.0,0.0,0.0,0.0,0.0,0.0,0.0,0.0,0.0,0.0,0.0,0.0,0.0,0.0,0.0,0.0,0.0,0.0,0.0,0.0,0.0,0.0,0.0,0.0,0.0,0.0,0.0,0.0,0.0,0.0,0.0,0.0,0.0
0.0,0.0,0.0,0.0,0.0,0.0,0.0,0.0,0.0,0.0,0.0,0.0,0.0,0.0,0.0,0.0,0.0,0.0,0.0,0.0,0.0,0.0,0.0,0.0,0.0,0.0,0.0,0.0,0.0,0.0,0.0,0.0,0.0,0.0,0.0,0.0,0.0,0.0,0.0,0.0,0.0,0.0,0.0,0.0,0.0,0.0,0.0,0.0,0.0,0.0,0.0,0.0,0.0,0.0,0.0,0.0,0.0,0.0,0.0,0.0,0.0,0.0,0.0,0.0,0.0,0.0,0.0,0.0,0.0,0.0,0.0,0.0,0.0,0.0,0.0,0.0,0.0,0.0,0.0,0.0,0.0,0.0,0.0,0.0,0.0,0.0,0.0,0.0,0.0,0.0,0.0,0.0,0.0,0.0,0.0,0.0,0.0,0.0,0.0,0.0,0.0,0.0,0.0,0.0,0.0,0.0,0.0,0.0,0.0,0.0,0.0,0.0,0.0,0.0,0.0,0.0,0.0,0.0,0.0,0.0,0.0,0.0,0.0,0.0,0.0,0.0,0.0,0.0,0.0,0.0,0.0,0.0,0.0,0.0,0.0,0.0,0.0,0.0,0.0,0.0,0.0,0.0,0.0,0.0
0.0,0.0,0.0,0.0,0.0,0.0,0.0,0.0,0.0,0.0,0.0,0.0,0.0,0.0,0.0,0.0,0.0,0.0,0.0,0.0,0.0,0.0,0.0,0.0,0.0,0.0,0.0,0.0,0.0,0.0,0.0,0.0,0.0,0.0,0.0,0.0,0.0,0.0,0.0,0.0,0.0,0.0,0.0,0.0,0.0,0.0,0.0,0.0,0.0,0.0,0.0,0.0,0.0,0.0,0.0,0.0,0.0,0.0,0.0,0.0,0.0,0.0,0.0,0.0,0.0,0.0,0.0,0.0,0.0,0.0,0.0,0.0,0.0,0.0,0.0,0.0,0.0,0.0,0.0,0.0,0.0,0.0,0.0,0.0,0.0,0.0,0.0,0.0,0.0,0.0,0.0,0.0,0.0,0.0,0.0,0.0,0.0,0.0,0.0,0.0,0.0,0.0,0.0,0.0,0.0,0.0,0.0,0.0,0.0,0.0,0.0,0.0,0.0,0.0,0.0,0.0,0.0,0.0,0.0,0.0,0.0,0.0,0.0,0.0,0.0,0.0,0.0,0.0,0.0,0.0,0.0,0.0,0.0,0.0,0.0,0.0,0.0,0.0,0.0,0.0,0.0,0.0,0.0,0.0
0.0,0.0,0.0,0.0,0.0,0.0,0.0,0.0,0.0,0.0,0.0,0.0,0.0,0.0,0.0,0.0,0.0,0.0,0.0,0.0,0.0,0.0,0.0,0.0,0.0,0.0,0.0,0.0,0.0,0.0,0.0,0.0,0.0,0.0,0.0,0.0,0.0,0.0,0.0,0.0,0.0,0.0,0.0,0.0,0.0,0.0,0.0,0.0,0.0,0.0,0.0,0.0,0.0,0.0,0.0,0.0,0.0,0.0,0.0,0.0,0.0,0.0,0.0,0.0,0.0,0.0,0.0,0.0,0.0,0.0,0.0,0.0,0.0,0.0,0.0,0.0,0.0,0.0,0.0,0.0,0.0,0.0,0.0,0.0,0.0,0.0,0.0,0.0,0.0,0.0,0.0,0.0,0.0,0.0,0.0,0.0,0.0,0.0,0.0,0.0,0.0,0.0,0.0,0.0,0.0,0.0,0.0,0.0,0.0,0.0,0.0,0.0,0.0,0.0,0.0,0.0,0.0,0.0,0.0,0.0,0.0,0.0,0.0,0.0,0.0,0.0,0.0,0.0,0.0,0.0,0.0,0.0,0.0,0.0,0.0,0.0,0.0,0.0,0.0,0.0,0.0,0.0,0.0,0.0
0.0,0.0,0.0,0.0,0.0,0.0,0.0,0.0,0.0,0.0,0.0,0.0,0.0,0.0,0.0,0.0,0.0,0.0,0.0,0.0,0.0,0.0,0.0,0.0,0.0,0.0,0.0,0.0,0.0,0.0,0.0,0.0,0.0,0.0,0.0,0.0,0.0,0.0,0.0,0.0,0.0,0.0,0.0,0.0,0.0,0.0,0.0,0.0,0.0,0.0,0.0,0.0,0.0,0.0,0.0,0.0,0.0,0.0,0.0,0.0,0.0,0.0,0.0,0.0,0.0,0.0,0.0,0.0,0.0,0.0,0.0,0.0,0.0,0.0,0.0,0.0,0.0,0.0,0.0,0.0,0.0,0.0,0.0,0.0,0.0,0.0,0.0,0.0,0.0,0.0,0.0,0.0,0.0,0.0,0.0,0.0,0.0,0.0,0.0,0.0,0.0,0.0,0.0,0.0,0.0,0.0,0.0,0.0,0.0,0.0,0.0,0.0,0.0,0.0,0.0,0.0,0.0,0.0,0.0,0.0,0.0,0.0,0.0,0.0,0.0,0.0,0.0,0.0,0.0,0.0,0.0,0.0,0.0,0.0,0.0,0.0,0.0,0.0,0.0,0.0,0.0,0.0,0.0,0.0
0.0,0.0,0.0,0.0,0.0,0.0,0.0,0.0,0.0,0.0,0.0,0.0,0.0,0.0,0.0,0.0,0.0,0.0,0.0,0.0,0.0,0.0,0.0,0.0,0.0,0.0,0.0,0.0,0.0,0.0,0.0,0.0,0.0,0.0,0.0,0.0,0.0,0.0,0.0,0.0,0.0,0.0,0.0,0.0,0.0,0.0,0.0,0.0,0.0,0.0,0.0,0.0,0.0,0.0,0.0,0.0,0.0,0.0,0.0,0.0,0.0,0.0,0.0,0.0,0.0,0.0,0.0,0.0,0.0,0.0,0.0,0.0,0.0,0.0,0.0,0.0,0.0,0.0,0.0,0.0,0.0,0.0,0.0,0.0,0.0,0.0,0.0,0.0,0.0,0.0,0.0,0.0,0.0,0.0,0.0,0.0,0.0,0.0,0.0,0.0,0.0,0.0,0.0,0.0,0.0,0.0,0.0,0.0,0.0,0.0,0.0,0.0,0.0,0.0,0.0,0.0,0.0,0.0,0.0,0.0,0.0,0.0,0.0,0.0,0.0,0.0,0.0,0.0,0.0,0.0,0.0,0.0,0.0,0.0,0.0,0.0,0.0,0.0,0.0,0.0,0.0,0.0,0.0,0.0
7.254391808429103e-06,1.2698824076516588e-05,2.0501436163143755e-05,3.4158171797677315e-05,4.0814261768422055e-05,4.326860515671472e-05,3.804473838544514e-05,2.997630488797318e-05,2.065681938148406e-05,9.114233519519678e-06,4.643306095428234e-06,1.9210425437140384e-06,1.0066175529600969e-05,1.281040509397639e-05,1.1754624565934215e-05,-2.2913101984194038e-05,-6.435352365153655e-05,-8.512920781826117e-05,-4.361239808910261e-05,-5.4431987063039925e-06,1.2036653831735589e-05,1.038637539866844e-05,5.747308059859244e-06,2.4026090190316056e-06,1.4579576911421052e-05,1.5059122180012536e-05,-3.51165759607299e-06,-0.0001972506629162212,-0.00046310626534921636,-0.0006086819084578447,-0.00032554176136209007,-9.81731950981118e-05,-3.0923817968334574e-06,1.3983875940684993e-05,8.238561908518194e-06,3.281230543950003e-06,2.1690203430875936e-05,1.4543251838528068e-05,-5.6139354731190696e-05,-0.0009936406078837248,-0.005938460553129158,-0.010209317894041274,-0.0026693829982242343,-0.00042776636322624194,-5.5537122878568113e-05,1.822517935896114e-05,1.2107512711304484e-05,4.801301259242869e-06,2.4198298045683634e-05,1.325830462900148e-05,-8.301875725134973e-05,-0.0014465202351878546,-0.009007514887978366,-0.015565880165545904,-0.0040127279561663655,-0.0006016157514823402,-8.235587296683556e-05,1.9343173233097112e-05,1.3444702481456276e-05,5.356851089719808e-06,2.3756478512847206e-05,1.3701135179887939e-05,-7.678360045292013e-05,-0.0013417369749462735,-0.008608404777073348,-0.01494918681501584,-0.0037787558598144848,-0.0005621629929246743,-7.613310216070314e-05,1.9216861702634886e-05,1.3223894101866282e-05,5.271483476910539e-06,1.8221293103117827e-05,1.5873095654577377e-05,-2.3389256198946853e-05,-0.00048789501004166646,-0.0015801748082662223,-0.0023558906772154623,-0.0009555372143843072,-0.00022285153337887556,-2.2877743138264837e-05,1.6562324996317047e-05,1.0295913075147204e-05,4.073131542811894e-06,1.3054411802141209e-05,1.491605095491005e-05,4.48164838877784e-06,-0.00011146799579102361,-0.0002583598333467398,-0.0003358672115620579,-0.0001839130059514084,-5.367153522921061e-05,4.862752473183913e-06,1.3098205889951019e-05,7.479888977688695e-06,2.9446432186409647e-06,8.264137993464378e-06,1.1421963873599796e-05,1.3201156234124755e-05,-1.9570938104418027e-06,-2.2149051179346667e-05,-3.235258327375946e-05,-1.1966515482162547e-05,6.3648628218470935e-06,1.3458839441868109e-05,8.987841380492171e-06,4.786389122917832e-06,1.8934676209675825e-06,3.3377545096982775e-06,5.235145410082911e-06,8.227435344795198e-06,1.2981811335579375e-05,1.502122782605627e-05,1.572598338367125e-05,1.4225302745287576e-05,1.1652793560937382e-05,8.347922066940714e-06,3.7995555478331744e-06,1.9146087023298485e-06,8.13858119877452e-07,1.6869547987324927e-06,2.5755662116330867e-06,4.134701793188017e-06,7.1014485002410025e-06,8.648373019589043e-06,9.240959582421699e-06,8.00928208063281e-06,6.192248490390348e-06,4.194544356513676e-06,1.816320799536594e-06,9.316523924246295e-07,4.776352639278366e-07,7.787952839433936e-07,1.033749308556102e-06,1.4997809679298873e-06,2.4993609824462837e-06,3.045671393218222e-06,3.260390221812913e-06,2.827192081084174e-06,2.1898651052016954e-06,1.500428062791094e-06,7.075133210487786e-07,4.450701350204519e-07,3.40136207784363e-07
0.0,0.0,0.0,0.0,0.0,0.0,0.0,0.0,0.0,0.0,0.0,0.0,0.0,0.0,0.0,0.0,0.0,0.0,0.0,0.0,0.0,0.0,0.0,0.0,0.0,0.0,0.0,0.0,0.0,0.0,0.0,0.0,0.0,0.0,0.0,0.0,0.0,0.0,0.0,0.0,0.0,0.0,0.0,0.0,0.0,0.0,0.0,0.0,0.0,0.0,0.0,0.0,0.0,0.0,0.0,0.0,0.0,0.0,0.0,0.0,0.0,0.0,0.0,0.0,0.0,0.0,0.0,0.0,0.0,0.0,0.0,0.0,0.0,0.0,0.0,0.0,0.0,0.0,0.0,0.0,0.0,0.0,0.0,0.0,0.0,0.0,0.0,0.0,0.0,0.0,0.0,0.0,0.0,0.0,0.0,0.0,0.0,0.0,0.0,0.0,0.0,0.0,0.0,0.0,0.0,0.0,0.0,0.0,0.0,0.0,0.0,0.0,0.0,0.0,0.0,0.0,0.0,0.0,0.0,0.0,0.0,0.0,0.0,0.0,0.0,0.0,0.0,0.0,0.0,0.0,0.0,0.0,0.0,0.0,0.0,0.0,0.0,0.0,0.0,0.0,0.0,0.0,0.0,0.0
5.181381022768859e-05,8.776667404338288e-05,9.567923100297539e-05,7.409073280472531e-05,5.109429746939223e-05,3.129883791301134e-05,1.3307753337841034e-05,7.405378228411087e-06,4.187991927871571e-06,1.8469401644640128e-06,1.3701637835985972e-06,2.106152907295389e-06,-0.0008208038991242298,-0.0005767207964862607,-0.0002596247014564545,2.1827876137014e-06,2.9762754023343815e-05,2.350945024401124e-05,9.809138386260361e-06,4.98129395610973e-06,2.566997463866839e-06,1.0592760468115377e-06,9.204534067584607e-07,1.9420044659703324e-06,-0.004339752449151789,-0.004070653190716683,-0.0011996581688966663,-5.979195834836405e-05,2.5164904487470224e-05,2.6151418866173748e-05,1.0619474440341356e-05,4.991270697071924e-06,2.3472084938036987e-06,8.651140505155309e-07,7.662365920004899e-07,1.7769305632648861e-06,-0.01278858301558131,-0.012676280008689134,-0.0028190568957297516,-0.00014109525201912276,2.0405713046850093e-05,3.0514265221499876e-05,1.256321575909079e-05,5.723069479852728e-06,2.5669657678499274e-06,8.686547376342037e-07,7.185271122564562e-07,1.6151279125901406e-06,-0.012247232329363748,-0.012138684116373989,-0.0026114661431252137,-0.0001273757723745976,2.2236058471465173e-05,3.0535161466383766e-05,1.2513007813430702e-05,5.717232788351493e-06,2.5715111095291676e-06,8.674168355606929e-07,6.977411486796172e-07,1.5162330604917683e-06,-0.0057552843584281555,-0.005239854277221422,-0.0013298701920307114,-6.465245067738174e-05,2.7019310475999978e-05,2.7863808925963734e-05,1.118170297849713e-05,5.177774649583028e-06,2.37383203695007e-06,8.209043211381558e-07,6.584728473034779e-07,1.4064959891134018e-06,-0.00048743175432904733,-0.0003083493214698441,-0.0001274049063360808,1.601185157542243e-05,2.8169304887225093e-05,2.0042327350281605e-05,7.788372128050592e-06,3.7540802034512666e-06,1.8185233642511854e-06,6.786343002863732e-07,5.631420167460374e-07,1.2141580565203282e-06,-7.279652815368555e-05,-1.8308717307300714e-05,1.3458449496167977e-05,2.788741023836781e-05,2.226291202718235e-05,1.3966074651190645e-05,5.436607759529914e-06,2.7325130632415295e-06,1.3936557520176315e-06,5.562047610166901e-07,4.820314457672105e-07,1.0716851346001228e-06,8.804057791858905e-06,2.557211348060466e-05,2.8669025178851276e-05,2.1386607453529367e-05,1.4449203073946725e-05,8.653203067182349e-06,3.477565262423888e-06,1.8446499990199282e-06,9.98110429199712e-07,4.2799715631835027e-07,3.947887798283283e-07,9.276748808394964e-07,9.5927733837437e-06,1.3444006106178702e-05,1.2716944260032802e-05,8.506610675417856e-06,5.6406474890696825e-06,3.4700992778254474e-06,1.5725874951475125e-06,9.345145725621671e-07,5.64644351988135e-07,2.7764689333360076e-07,2.923278450920569e-07,7.526165916221804e-07,4.096336734646507e-06,5.9098808790787e-06,5.721053663761428e-06,4.149816348994984e-06,2.9945276250233167e-06,2.0647193130279245e-06,1.1613695601148538e-06,7.994801569488755e-07,5.493300559895406e-07,3.181853267307651e-07,3.3046646559400627e-07,7.347851210240811e-07,1.529077307079778e-06,2.265590057115647e-06,2.5703400939214196e-06,2.794108253423025e-06,2.7056395929631498e-06,2.4572466839466745e-06,1.9202210495464073e-06,1.5358599069248514e-06,1.17756800891288e-06,7.620757143764882e-07,6.673505758335879e-07,8.844512328426623e-07
5.181381022768859e-05,8.776667404338288e-05,9.567923100297539e-05,7.409073280472531e-05,5.109429746939223e-05,3.129883791301134e-05,1.3307753337841034e-05,7.405378228411087e-06,4.187991927871571e-06,1.8469401644640128e-06,1.3701637835985972e-06,2.106152907295389e-06,-0.0008208038991242298,-0.0005767207964862607,-0.0002596247014564545,2.1827876137014e-06,2.9762754023343815e-05,2.350945024401124e-05,9.809138386260361e-06,4.98129395610973e-06,2.566997463866839e-06,1.0592760468115377e-06,9.204534067584607e-07,1.9420044659703324e-06,-0.004339752449151789,-0.004070653190716683,-0.0011996581688966663,-5.979195834836405e-05,2.5164904487470224e-05,2.6151418866173748e-05,1.0619474440341356e-05,4.991270697071924e-06,2.3472084938036987e-06,8.651140505155309e-07,7.662365920004899e-07,1.7769305632648861e-06,-0.01278858301558131,-0.012676280008689134,-0.0028190568957297516,-0.00014109525201912276,2.0405713046850093e-05,3.0514265221499876e-05,1.256321575909079e-05,5.723069479852728e-06,2.5669657678499274e-06,8.686547376342037e-07,7.185271122564562e-07,1.6151279125901406e-06,-0.012247232329363748,-0.012138684116373989,-0.0026114661431252137,-0.0001273757723745976,2.2236058471465173e-05,3.0535161466383766e-05,1.2513007813430702e-05,5.717232788351493e-06,2.5715111095291676e-06,8.674168355606929e-07,6.977411486796172e-07,1.5162330604917683e-06,-0.0057552843584281555,-0.005239854277221422,-0.0013298701920307114,-6.465245067738174e-05,2.7019310475999978e-05,2.7863808925963734e-05,1.118170297849713e-05,5.177774649583028e-06,2.37383203695007e-06,8.209043211381558e-07,6.584728473034779e-07,1.4064959891134018e-06,-0.00048743175432904733,-0.0003083493214698441,-0.0001274049063360808,1.601185157542243e-05,2.8169304887225093e-05,2.0042327350281605e-05,7.788372128050592e-06,3.7540802034512666e-06,1.8185233642511854e-06,6.786343002863732e-07,5.631420167460374e-07,1.2141580565203282e-06,-7.279652815368555e-05,-1.8308717307300714e-05,1.3458449496167977e-05,2.788741023836781e-05,2.226291202718235e-05,1.3966074651190645e-05,5.436607759529914e-06,2.7325130632415295e-06,1.3936557520176315e-06,5.562047610166901e-07,4.820314457672105e-07,1.0716851346001228e-06,8.804057791858905e-06,2.557211348060466e-05,2.8669025178851276e-05,2.1386607453529367e-05,1.4449203073946725e-05,8.653203067182349e-06,3.477565262423888e-06,1.8446499990199282e-06,9.98110429199712e-07,4.2799715631835027e-07,3.947887798283283e-07,9.276748808394964e-07,9.5927733837437e-06,1.3444006106178702e-05,1.2716944260032802e-05,8.506610675417856e-06,5.6406474890696825e-06,3.4700992778254474e-06,1.5725874951475125e-06,9.345145725621671e-07,5.64644351988135e-07,2.7764689333360076e-07,2.923278450920569e-07,7.526165916221804e-07,4.096336734646507e-06,5.9098808790787e-06,5.721053663761428e-06,4.149816348994984e-06,2.9945276250233167e-06,2.0647193130279245e-06,1.1613695601148538e-06,7.994801569488755e-07,5.493300559895406e-07,3.181853267307651e-07,3.3046646559400627e-07,7.347851210240811e-07,1.529077307079778e-06,2.265590057115647e-06,2.5703400939214196e-06,2.794108253423025e-06,2.7056395929631498e-06,2.4572466839466745e-06,1.9202210495464073e-06,1.5358599069248514e-06,1.17756800891288e-06,7.620757143764882e-07,6.673505758335879e-07,8.844512328426623e-07
